iso_idx1,iso_idx2,dR,DdR,Include,Term,Table
17,20,0.098,0.02,,R20-R17,noniso
17,22,0.271,0.024,,R22-R17,noniso
19,22,0.1881416837012032,0.011648258969490607,No,R22-R19,noniso
20,22,0.166,0.02166,,R22-R20,noniso
22,29,0.279,0.023790000000000002,No,R29-R22,noniso
24,25,0.124,0.011800000000000001,,R25-R24,noniso
24,29,0.2314009542042219,0.012665649818202274,,R29-R24,noniso
25,29,0.10614994036022095,0.004267876492363919,,R29-R25,noniso
31,40,0.03935879009712083,0.0031005413681787462,,R40-R31,noniso
31,49,0.10151990850932333,0.003025165023490951,,R49-R31,noniso
40,49,0.064,0.0049,,R49-R40,noniso
51,52,0.028170118392482842,0.002401007356517295,,R52-R51,noniso
51,55,0.0871649460972635,0.003025348491683014,,R55-R51,noniso
52,55,0.06,0.0040999999999999995,,R55-R52,noniso
57,59,0.12783809118246606,0.006840532509013322,No,R59-R57,noniso
58,59,0.07186658765983307,0.0021701383832245904,,R59-R58,noniso
60,68,0.10389395079893933,0.002638808516599138,,R68-R60,noniso
79,89,0.04292911801672488,0.0031040426845081164,,R89-R79,noniso
72,91,0.08039856692487303,0.0032606921424632035,No,R91-R72,noniso
81,91,0.0567,0.0066,,R91-R81,noniso
93,102,0.02750658307939719,0.002714511960345308,,R102-R93,noniso
93,106,0.08704523049967099,0.00263879485800555,,R106-R93,noniso
102,106,0.0596,0.0058,,R106-R102,noniso
95,108,0.0931,0.0086,,R108-R95,noniso
108,112,0.0689,0.0059,,R112-R108,noniso
97,110,0.0937,0.0034,,R110-R97,noniso
110,111,0.028059537613919997,0.002325330788343092,,R111-R110,noniso
110,113,0.06945178059360044,0.00217128279709884,,R113-R110,noniso
111,113,0.0419,0.0055,,R113-R111,noniso
113,123,0.0515,0.0057,,R123-R113,noniso
115,121,0.019334700438827623,0.0020916462615441175,,R121-R115,noniso
115,124,0.0497430283212968,0.0022484654221990434,,R124-R115,noniso
121,124,0.0316,0.0055,,R124-R121,noniso
124,128,0.0386,0.002,,R128-R124,noniso
126,127,0.012788811022720656,0.002247754421200493,,R127-R126,noniso
126,127,0.012,0.0033,,R127-R126,noniso
126,129,0.036808866451504926,0.0021703522811278063,,R129-R126,noniso
127,129,0.0252,0.0033,,R129-R127,noniso
131,133,0.04055869000547241,0.0019368481288262575,,R133-R131,noniso
131,133,0.0419,0.0017000000000000001,,R133-R131,noniso
131,135,0.08517769490981066,0.0018622346187253053,,R135-R131,noniso
133,135,0.0473,0.0017000000000000001,,R135-R133,noniso
132,134,0.044,0.003,,R134-R132,noniso
132,136,0.0938,0.006,,R136-R132,noniso
134,136,0.0497,0.003,,R136-R134,noniso
138,140,0.031205364659553873,0.0018587147109677547,,R140-R138,noniso
138,142,0.07294613087817453,0.0018612844059825702,,R142-R138,noniso
145,147,0.02278430977063382,0.0017806171612310836,,R147-R145,noniso
145,149,0.06585908630855532,0.0019386983007501067,,R149-R145,noniso
151,154,0.02239825869998633,0.0017807484812567115,,R154-R151,noniso
152,155,0.019744806449813735,0.0017026618885816673,,R155-R152,noniso
152,165,0.05127632903036407,0.0018600377263919437,,R165-R152,noniso
169,191,0.014206238612230028,0.001702649931175406,,R191-R169,noniso
169,214,0.03879559073479904,0.0017036062222791507,,R214-R169,noniso
214,230,0.01826818216034472,0.0015467893360815322,,R230-R214,noniso
214,246,0.04559421472140429,0.001548404630426957,,R246-R214,noniso
246,266,0.054,0.02354,,R266-R246,noniso
246,266,0.05,0.006,,R266-R246,noniso
248,260,0.018114900357616655,0.0015468703767976583,,R260-R248,noniso
248,267,0.04622600017828018,0.0016263837049950063,,R267-R248,noniso
272,284,0.036236595393181366,0.0017818013446187797,,R284-R272,noniso
284,286,0.012262411486256165,0.0017030477331786728,,R286-R284,noniso
284,288,0.026868904877005027,0.0019376724213118412,,R288-R284,noniso
291,298,0.007889652138279432,0.0017030825776726834,,R298-R291,noniso
291,307,0.01640478217289304,0.0017032534562062404,,R307-R291,noniso
311,327,0.003828163570063033,0.001703142505332008,No,R327-R311,noniso
311,348,0.014219356171847882,0.0016251883691699499,No,R348-R311,noniso
354,372,0.051649398046981085,0.00178308787595109,,R372-R354,noniso
366,372,0.029693466718406697,0.0016258304376189736,,R372-R366,noniso
374,380,0.021802593535980262,0.001469379615847252,,R380-R374,noniso
374,387,0.047748343953320574,0.0016270036381418609,,R387-R374,noniso
391,419,0.017194064520338715,0.0014692441510097802,,R419-R391,noniso
391,447,0.04204853315682768,0.0014708241507650705,,R447-R391,noniso
451,463,0.015398282327737984,0.0014692359384803583,,R463-R451,noniso
451,466,0.03744155288922978,0.0014704886553608388,,R466-R451,noniso
466,471,0.014618277972780619,0.0014692634030865428,,R471-R466,noniso
466,481,0.03572586125499339,0.0014704070989412761,,R481-R466,noniso
481,494,0.03355851665715742,0.002783867750222788,,R494-R481,noniso
502,521,0.02865555175324809,0.0031751941903888255,,R521-R502,noniso
502,533,0.03367621784507777,0.0031758373417521838,,R533-R502,noniso
538,565,0.028227007089041026,0.0029418524159934402,,R565-R538,noniso
567,590,0.02802439149179905,0.002864519259845225,,R590-R567,noniso
634,661,0.020010517226664734,0.0032559205962759117,,R661-R634,noniso
665,667,0.009723485361443997,0.0027842876761688326,,R667-R665,noniso
665,669,0.017639109931872107,0.0027844068043140547,,R669-R665,noniso
672,678,0.016133774009571646,0.003409954950593777,No,R678-R672,noniso
681,708,0.016352654710588003,0.003252118156892099,No,R708-R681,noniso
710,726,0.004460096594549813,0.001782485797935174,,R726-R710,noniso
710,746,0.014945546790120346,0.0017826320776961745,No,R746-R710,noniso
750,768,0.004773479388179951,0.002252069266803481,No,R768-R750,noniso
768,795,0.015,0.013000000000000001,,R795-R768,noniso
752,797,0.01377294154725124,0.001704432803191878,No,R797-R752,noniso
770,797,0.029,0.013000000000000001,,R797-R770,noniso
799,805,0.014712891707077586,0.00373914169384755,,R805-R799,noniso
2,3,-0.271,0.0152,,R3-R2,isoe
6,7,-0.08,0.030199999999999998,,R7-R6,isoe
6,7,-0.13,0.030199999999999998,,R7-R6,isoe
17,18,-0.023,0.01123,,R18-R17,isoe
17,18,-0.012,0.02012,,R18-R17,isoe
17,19,0.12,0.0522,,R19-R17,isoe
20,21,0.04,0.013399999999999999,,R21-R20,isoe
22,23,-0.013,0.021130000000000003,,R23-R22,isoe
22,23,0.004,0.01604,,R23-R22,isoe
22,23,-0.008,0.0072,,R23-R22,isoe
22,24,0.053,0.01353,,R24-R22,isoe
22,24,0.07,0.0127,,R24-R22,isoe
22,24,0.074,0.0052,,R24-R22,isoe
29,31,-0.073,0.028730000000000002,,R31-R29,isoe
29,31,-0.053,0.010529999999999998,,R31-R29,isoe
49,50,0.016,0.03316,,R50-R49,isoe
49,51,-0.05,0.0465,,R51-R49,isoe
49,51,-0.019,0.033190000000000004,,R51-R49,isoe
55,56,-0.052,0.026520000000000002,,R56-R55,isoe
55,57,0.03,0.12129999999999999,,R57-R55,isoe
59,60,0.032,0.0102,,R60-R59,isoe
59,61,0.034,0.0104,,R61-R59,isoe
60,61,-0.007,0.0122,,R61-R60,isoe
89,91,0.03,0.011300000000000001,,R91-R89,isoe
89,93,0.028,0.011280000000000002,,R93-R89,isoe
89,97,-0.0107,0.0061070000000000004,,R97-R89,isoe
89,97,-0.0014,0.0034,,R97-R89,isoe
106,108,-0.005,0.03305,,R108-R106,isoe
106,108,-0.015,0.01115,,R108-R106,isoe
106,108,0.003,0.01603,,R108-R106,isoe
106,110,0.003,0.02703,,R110-R106,isoe
106,110,-0.03,0.0163,,R110-R106,isoe
106,110,-0.013,0.01613,,R110-R106,isoe
108,110,-0.02,0.011200000000000002,,R110-R108,isoe
108,110,-0.016,0.01616,,R110-R108,isoe
112,113,-0.037,0.012369999999999999,,R113-R112,isoe
112,113,-0.028,0.01828,,R113-R112,isoe
112,114,0.027,0.01827,,R114-R112,isoe
112,115,0.033,0.007330000000000001,,R115-R112,isoe
112,115,0.068,0.018680000000000002,,R115-R112,isoe
113,115,0.048,0.01048,,R115-R113,isoe
123,124,0.0445,0.001,,R124-R123,isoe
124,126,0.0382,0.0012000000000000001,,R126-R124,isoe
128,129,0.0373,0.0013000000000000002,,R129-R128,isoe
128,131,0.061,0.014609999999999998,,R131-R128,isoe
128,131,0.079,0.00779,,R131-R128,isoe
128,132,0.082,0.01682,,R132-R128,isoe
129,131,0.0286,0.001,,R131-R129,isoe
129,132,0.043,0.01643,,R132-R129,isoe
131,132,0.0181,0.0007999999999999999,,R132-R131,isoe
133,134,0.0202,0.0018019999999999998,,R134-R133,isoe
135,136,0.018,0.01218,,R136-R135,isoe
135,136,0.0225,0.0032,,R136-R135,isoe
136,138,-0.016,0.010159999999999999,,R138-R136,isoe
136,138,0.007,0.01407,,R138-R136,isoe
136,138,0.0144,0.0032,,R138-R136,isoe
138,139,0.047,0.01647,,R139-R138,isoe
138,139,0.026,0.01726,,R139-R138,isoe
138,139,0.0173,0.0027,,R139-R138,isoe
142,143,0.0168,0.0026,,R143-R142,isoe
142,146,0.0383,0.003,,R146-R142,isoe
143,145,0.0151,0.0026,,R145-R143,isoe
145,146,0.0064,0.0026,,R146-R145,isoe
246,248,0.0378,0.0022,,R248-R246,isoe
248,249,0.0211,0.005999999999999999,,R249-R248,isoe
266,267,0.04,0.0052,,R267-R266,isoe
267,269,0.028,0.0052,,R269-R267,isoe
269,271,0.028,0.0052,,R271-R269,isoe
271,272,0.039,0.0052,,R272-R271,isoe
307,309,0.03,0.0163,,R309-R307,isoe
307,313,0.061,0.01861,,R313-R307,isoe
309,311,0.021,0.01721,,R311-R309,isoe
311,313,0.01,0.0171,,R313-R311,isoe
344,350,0.019,0.01619,,R350-R344,isoe
348,350,-0.004,0.012039999999999999,,R350-R348,isoe
348,356,0.015,0.013150000000000002,,R356-R348,isoe
350,356,0.019,0.014189999999999998,,R356-R350,isoe
481,485,0.0527,0.009527,,R485-R481,isoe
481,487,0.115,0.012150000000000001,,R487-R481,isoe
485,487,0.067,0.009670000000000002,,R487-R485,isoe
498,500,0.03,0.0713,,R500-R498,isoe
498,502,0.17,0.07270000000000001,,R502-R498,isoe
498,502,0.12,0.0208,,R502-R498,isoe
502,504,0.03,0.0204,,R504-R502,isoe
797,798,0.005,0.00805,,R798-R797,isoe
797,799,0.013,0.00513,,R799-R797,isoe
798,799,0.008,0.00808,,R799-R798,isoe
17,18,-0.00225294687346084,0.013952997657306863,,R18-R17,isom
17,19,0.021519527032712163,0.010709375662109036,,R19-R17,isom
22,24,0.076,0.0052,,R24-R22,isom
22,24,0.07664661626118587,0.006884113535328934,,R24-R22,isom
29,30,-0.03834307864042721,0.0034271183813940082,,R30-R29,isom
29,31,-0.052109254947436574,0.003440884557701018,,R31-R29,isom
30,31,-0.013999501329162065,0.00565825001822552,,R31-R30,isom
49,50,-0.028556246186812358,0.0016291350782375548,,R50-R49,isom
49,51,-0.023265170599065108,0.0016238440026498076,,R51-R49,isom
50,51,0.005446695457975109,0.0025397447488758793,,R51-R50,isom
55,56,-0.004047725356453922,0.005497227037642351,,R56-R55,isom
55,57,0.010742040369050793,0.005503921352654947,,R57-R55,isom
56,57,0.014789765725504713,0.004885242100095414,,R57-R56,isom
59,60,0.022504036339293952,0.0020134827069405426,,R60-R59,isom
59,61,0.03768842072047845,0.002150798453469499,,R61-R59,isom
60,61,0.01479504119192336,0.001850036436088716,,R61-R60,isom
68,70,0.011606179502980738,0.001535801156353132,,R70-R68,isom
70,72,0.025081810737985225,0.0015492767875881367,,R72-R70,isom
79,81,0.0171,0.0050999999999999995,,R81-R79,isom
89,91,0.03038757718561698,0.001321223681284688,,R91-R89,isom
89,93,0.03629367552066766,0.002103714577500676,,R93-R89,isom
53,54,0.03957444204505222,0.0037627380120032225,,R54-R53,isom
89,97,-0.003436133727912074,0.004400571286605222,,R97-R89,isom
91,92,-0.013869201894973903,0.001304705305994045,,R92-R91,isom
91,93,0.00997335866604865,0.0013008094627651196,,R93-R91,isom
92,93,0.0234,0.004699999999999999,,R93-R92,isom
93,95,-0.019868800467518797,0.004271545758549782,,R95-R93,isom
95,97,-0.019868800467518797,0.004271545758549782,,R97-R95,isom
106,107,-0.010677519841550789,0.0013018109343065948,,R107-R106,isom
106,108,-0.014340610590112006,0.0013834121260883736,,R108-R106,isom
107,108,-0.0028,0.004699999999999999,,R108-R107,isom
108,109,-0.018237515641772877,0.001465247132173252,,R109-R108,isom
108,110,-0.02127710158206836,0.00139034861708033,,R110-R108,isom
109,110,-0.0027,0.0048,,R110-R109,isom
112,113,-0.019411490745245834,0.0012328628147942253,,R113-R112,isom
113,114,0.017150714714675035,0.001074686450448427,,R114-R113,isom
113,115,0.045215520611416,0.0011807090505027817,,R115-R113,isom
114,115,0.0282,0.0046,,R115-R114,isom
123,124,0.04343271730613096,0.0012571227082930295,,R124-R123,isom
124,125,0.01637499216209605,0.0013080411363018327,,R125-R124,isom
124,126,0.03727260120705672,0.0012509625921939553,,R126-R124,isom
128,129,0.03735881339035877,0.001095285634463316,,R129-R128,isom
129,130,0.010919068631837637,0.0011468392370750635,,R130-R129,isom
129,131,0.02940349195859135,0.0010873303130315487,,R131-R129,isom
131,132,0.018640410021494247,0.0010765672310944516,,R132-R131,isom
133,134,0.019734392685148438,0.0010777514659524722,,R134-R133,isom
135,136,0.020672521695248535,0.0010007676800065138,,R136-R135,isom
136,138,0.016850055419523332,0.0009969452137307889,,R138-R136,isom
138,139,0.018098207672821356,0.0017782885242953524,,R139-R138,isom
140,141,0.014589226175634906,0.0008387272443846149,,R141-R140,isom
142,143,0.016385202553216714,0.0008405833950567107,,R143-R142,isom
143,144,0.0061639571509720026,0.0009083869237174028,,R144-R143,isom
143,145,0.017789648486349577,0.000998037389115717,,R145-R143,isom
145,146,0.007490378310041927,0.0009877381189394095,,R146-R145,isom
149,150,7.803921911212562e-05,0.001058509449452494,,R150-R149,isom
149,151,0.0014827451631303865,0.0010599141553965122,,R151-R149,isom
151,152,-0.0003901960955606281,0.0009027431681046912,,R152-R151,isom
152,153,7.803921911212562e-05,0.0009024310112282427,,R153-R152,isom
154,155,-0.0030438003534006067,0.0009054592665227714,,R155-R154,isom
161,163,-0.005541758263390419,0.0011421769577096585,,R163-R161,isom
163,165,-0.0054637053301032305,0.0010640459714891823,,R165-R163,isom
165,166,-0.006322287596262308,0.0009868516204681523,,R166-R165,isom
165,167,-0.003980699597646639,0.0009845100324695367,,R167-R165,isom
167,169,-0.004449017197369773,0.0009069254167820707,,R169-R167,isom
189,191,-0.004995810476915772,0.0007514125813895782,,R191-R189,isom
210,212,-0.010538908244957101,0.0009131327912420971,,R212-R210,isom
212,213,-0.006947872842971719,0.0009095417558401119,,R213-R212,isom
212,214,-0.007182070803970765,0.0007536439798017464,,R214-R212,isom
246,247,0.014912982221833243,0.0007614620688858786,,R247-R246,isom
246,248,0.03552569063316296,0.0007039963363452019,,R248-R246,isom
248,249,0.025297414868450104,0.0006937680605804891,,R249-R248,isom
249,250,0.018660747387529555,0.0007652098340515751,,R250-R249,isom
266,267,0.035687288964853806,0.0007823197238750871,,R267-R266,isom
266,269,0.06761843219839586,0.002021616354300345,,R269-R266,isom
267,268,0.00999556452407284,0.0007566279994343062,,R268-R267,isom
267,269,0.03139231983341626,0.0007780247547436495,,R269-R267,isom
268,269,0.021334283031067967,0.0015801063355222196,,R269-R268,isom
269,270,0.003201704261617081,0.0007498341391718504,,R270-R269,isom
269,271,0.024051827136050266,0.0007706842620462836,,R271-R269,isom
271,272,0.036780553834674275,0.0008615033365892268,,R272-R271,isom
279,280,0.03077209096649949,0.0007774843670210589,,R280-R279,isom
280,281,0.011715263058311989,0.0007584275391128714,,R281-R280,isom
280,282,0.030459683951611173,0.0007771719600061706,,R282-R280,isom
282,283,0.008122582387096311,0.0010672418733299754,,R283-R282,isom
282,284,0.02796042783250461,0.0010089779650533039,,R284-R282,isom
284,285,0.028663343616003336,0.0009315791271147226,,R285-R284,isom
287,288,0.02499606369643804,0.0011623484523128646,,R288-R287,isom
288,289,0.007342593710828675,0.001379033079481362,,R289-R288,isom
288,290,0.02382437321066751,0.0010830640627757253,,R290-R288,isom
290,291,0.02398059860877025,0.001005107589122459,,R291-R290,isom
291,292,0.02163721763722918,0.0010808769072022872,,R292-R291,isom
297,298,0.02124809881441384,0.0007680741712441818,,R298-R297,isom
303,305,0.01976517455510928,0.000922874150823819,,R305-R303,isom
305,307,0.01992142099428011,0.0008449071776775775,,R307-R305,isom
307,308,0.00499988605346638,0.0008299856427367638,,R308-R307,isom
307,309,0.01929643523759681,0.0008442821919208943,,R309-R307,isom
309,310,0.004843639614295556,0.0007517061767121808,,R310-R309,isom
309,311,0.017577724406717742,0.000764440261504603,,R311-R309,isom
311,313,0.01492153494081373,0.000761784072038699,,R313-R311,isom
325,327,0.016328821098440704,0.001700767102774868,,R327-R325,isom
344,346,0.016329869537453176,0.000841396646090685,,R346-R344,isom
346,348,0.016329869537453176,0.000841396646090685,,R348-R346,isom
348,349,0.004844267518287547,0.0008299110440715193,,R349-R348,isom
348,350,0.015470402719692487,0.0009186705263420782,,R350-R348,isom
348,352,0.030581392042866862,0.001735408288097738,,R352-R348,isom
348,356,0.0534353960605944,0.0021582622921154657,,R356-R348,isom
349,352,0.024557310983835092,0.0015965575170211446,,R352-R349,isom
350,351,0.002890933841558697,0.0009060910574639444,,R351-R350,isom
350,352,0.014064002472447715,0.0009953974731639875,,R352-R350,isom
351,352,0.009040028255901115,0.0014357335772416187,,R352-R351,isom
352,354,0.012266935489857172,0.001071733753250551,,R354-R352,isom
354,356,0.010469868507266632,0.0009918033391988065,,R356-R354,isom
365,366,0.008204518600503804,0.0008333106976865078,,R366-R365,isom
370,371,0.002578722623957407,0.0015310115895111067,,R371-R370,isom
370,372,0.009533459397660716,0.00153796632628481,,R372-R370,isom
372,373,0.0017191484159716048,0.0006705778073173184,,R373-R372,isom
372,374,0.008205026530773568,0.0006770636854321202,,R374-R372,isom
374,375,0.007892454091506003,0.0006767511129928528,,R375-R374,isom
375,376,0.007423595432604657,0.0006762822543339513,,R376-R375,isom
385,386,0.008206015984893544,0.0007552737483111297,,R386-R385,isom
386,387,0.005314372256883438,0.0007523821045831196,,R387-R386,isom
387,388,0.0007815253318946233,0.0008260017908475932,,R388-R387,isom
387,389,0.007815253318946232,0.0010674931184030318,,R389-R387,isom
389,390,-0.0020319658629260203,0.0010617098309470116,,R390-R389,isom
389,391,0.0034387114603363425,0.001063116576544422,,R391-R389,isom
391,393,0.005626982389641287,0.0006745421815264152,,R393-R391,isom
393,394,0.007346338119809458,0.0006762615372565833,,R394-R393,isom
447,448,-0.002266687559746227,0.0006712365275072415,,R448-R447,isom
447,449,0.0033609505196237166,0.000672330790467119,,R449-R447,isom
447,451,0.005274970780799107,0.0011240155973645833,,R451-R447,isom
448,451,0.009104264520267333,0.0011242028595667198,,R451-R448,isom
449,450,-0.0005471314799387445,0.0007476786114186833,,R450-R449,isom
449,451,0.006331092839291187,0.0006753009327867865,,R451-R449,isom
450,451,0.007444861494555946,0.0008204051245463287,,R451-R450,isom
466,467,0.029861112206606463,0.0007770542678250494,,R467-R466,isom
481,482,0.010866878812156,0.0008362987528930768,,R482-R481,isom
481,483,0.027753539412340867,0.0006968274449730315,,R483-R481,isom
483,484,0.012039563576057727,0.0009156504219170937,,R484-R483,isom
483,485,0.027284465506780174,0.0006963583710674709,,R485-R483,isom
485,486,0.030020729955884205,0.0006990946355165748,,R486-R485,isom
486,487,0.04018399790969916,0.002461657993923496,,R487-R486,isom
494,502,0.12773813121377864,0.004139734608838658,,R502-R494,isom
497,498,0.015575911833052665,0.000814718436419244,,R498-R497,isom
498,499,0.010096947871677356,0.000806499990477181,,R499-R498,isom
498,502,0.07420082621976848,0.0031028868238797765,,R502-R498,isom
500,502,0.04273591889872741,0.002499147635430349,,R502-R500,isom
500,502,0.043205544381131014,0.0010909756264431605,,R502-R500,isom
502,504,0.024498795998721026,0.0017673537274749422,,R504-R502,isom
519,521,0.05709293676525977,0.0016603911904413005,,R521-R519,isom
533,534,0.011989477526044498,0.001515060591221243,,R534-R533,isom
533,535,0.02233334048969073,0.0016089389838761534,,R535-R533,isom
535,536,0.0036830421158437344,0.0012675131434776185,,R536-R535,isom
535,537,0.015672519641888233,0.0011287721633478028,,R537-R535,isom
537,538,0.016612870820401526,0.001208545288325014,,R538-R537,isom
564,565,0.011218929404689848,0.0013582770154796093,,R565-R564,isom
565,566,0.004628789055081826,0.0011914837013931017,,R566-R565,isom
565,567,0.015220086045523289,0.0012073706468787638,,R567-R565,isom
590,591,0.005890896552063262,0.0011157439310756864,,R591-R590,isom
590,592,0.014452332874395202,0.0011285860855591843,,R592-R590,isom
592,593,0.015630512184807852,0.0011303533545248034,,R593-R592,isom
630,632,0.014124420706804983,0.0013628146781805397,,R632-R630,isom
631,632,0.007689962384816047,0.001353162990697556,,R632-R631,isom
632,634,0.011613412581150763,0.001045172150285281,,R634-R632,isom
633,634,0.006748334337695714,0.0015086885564802642,,R634-R633,isom
634,636,0.010593315530103738,0.0012005800125620993,,R636-R634,isom
661,662,0.0030573084857455006,0.0011885112154838748,,R662-R661,isom
661,663,0.009093532931960975,0.0011975655521531982,,R663-R661,isom
663,664,0.004311588890153911,0.0012687851613660134,,R664-R663,isom
663,665,0.009955850709991759,0.00127725155409577,,R665-R663,isom
669,671,0.010572641299647249,0.0011207017152592876,,R671-R669,isom
671,672,0.00947621923894309,0.0011190570821682313,,R672-R671,isom
676,678,0.009623399687353975,0.0012750643398635004,,R678-R676,isom
678,680,0.008293336315931068,0.0011948302229579596,,R680-R678,isom
680,681,0.00782390218484063,0.0009594090062161049,,R681-R680,isom
708,709,0.002738598500778599,0.001141686655910584,,R709-R708,isom
708,710,0.0074333387878276255,0.001068135724746816,,R710-R708,isom
710,711,0.00923298923119642,0.0009916897037393676,,R711-R710,isom
746,748,0.009703268069719455,0.0007574684010377532,,R748-R746,isom
747,748,0.007825216185257625,0.0010685989965635966,,R748-R747,isom
748,749,0.004069112416333965,0.0009865907309420966,,R749-R748,isom
748,750,0.00962501590786688,0.0007573901488759006,,R750-R748,isom
750,752,0.011190059144918404,0.0009154595158181046,,R752-R750,isom
768,770,0.010251450810738137,0.0009928049478136495,,R770-R768,isom
795,799,0.021419351586508425,0.0013292179573720316,,R799-R795,isom
795,799,0.021333267235959803,0.0013213060229716079,,R799-R795,isom
795,799,0.021912380139650564,0.0008914633831321626,,R799-R795,isom
797,798,0.004124222976284231,0.0013388724802081886,,R798-R797,isom
797,798,0.004679858329825371,0.0019811478196514964,,R798-R797,isom
797,798,0.004765942680373998,0.0010969128483661469,,R798-R797,isom
797,798,0.004179003926633357,0.0011041517596622815,,R798-R797,isom
797,799,0.01105792612047366,0.001118856531905997,,R799-R797,isom
797,799,0.010682285318079649,0.0010950033409539773,,R799-R797,isom
797,799,0.011503999573316544,0.0006810550025658287,,R799-R797,isom
798,799,0.006675450092543547,0.0013770808562770685,,R799-R798,isom
798,799,0.0069102255940398025,0.0013851414818284399,,R799-R798,isom
798,799,0.00735629904688269,0.0009551658025381468,,R799-R798,isom
0,1,3.8212,0.0015,,R1-R0,kalpha
266,272,1.1005508080175228,0.1753975575980519,,R272-R266,kalpha
267,272,0.9777666899403461,0.27224804571017946,,R272-R267,kalpha
307,309,0.14457043497446267,0.031807723821857384,,R309-R307,kalpha
307,313,0.45135922188977345,0.028665077753072445,,R313-R307,kalpha
309,311,0.1414195886472215,0.030214485320057518,,R311-R309,kalpha
311,313,0.1526200592491177,0.0366552623329003,,R313-R311,kalpha
348,356,0.4418988914504171,0.022972332201977096,,R356-R348,kalpha
365,366,0.02024429044094146,0.028183712714047373,,R366-R365,kalpha
372,374,0.0860201587404543,0.029976890880974855,,R374-R372,kalpha
374,375,0.05817758042559512,0.029799429969556684,,R375-R374,kalpha
375,376,0.04996492214397352,0.029747806492453052,,R376-R375,kalpha
447,448,-0.041461138381878634,0.01750829464424768,,R448-R447,kalpha
447,449,-0.022602615967251685,0.01788377842144335,,R449-R447,kalpha
449,450,-0.0013338431386534018,0.017331780275639475,,R450-R449,kalpha
449,451,0.060620205785051756,0.018336122654317572,,R451-R449,kalpha
466,467,0.2905327518304694,0.013884597971528257,,R467-R466,kalpha
481,482,0.12788455377633906,0.026516359780947883,,R482-R481,kalpha
481,483,0.3197107466279277,0.014820325994864773,,R483-R481,kalpha
482,483,0.192157313056866,0.0197437736565336,,R483-R482,kalpha
483,484,0.13800281365205166,0.02234075067116742,,R484-R483,kalpha
483,485,0.2559230969769531,0.03885744330937669,,R485-R483,kalpha
483,485,0.2971968364153119,0.05484338288547317,,R485-R483,kalpha
484,485,0.11748148281773291,0.043915959096067804,,R485-R484,kalpha
485,486,0.30410263274946936,0.040598628508411595,,R486-R485,kalpha
485,486,0.3069991195189382,0.05017097250176846,,R486-R485,kalpha
486,487,0.4528050931496133,0.029043970052876334,,R487-R486,kalpha
486,487,0.52726842941104,0.06787055686948619,,R487-R486,kalpha
494,498,0.5268478167105203,0.09731379854862915,,R498-R494,kalpha
497,498,0.19157998778901889,0.01542910916776126,,R498-R497,kalpha
498,499,0.08682305895298874,0.012625210538243862,,R499-R498,kalpha
498,500,0.33812787778795356,0.015754150347853657,,R500-R498,kalpha
498,500,0.3929524858360583,0.06337842410013138,,R500-R498,kalpha
498,504,1.0572829702728985,0.017762358598621575,,R504-R498,kalpha
499,500,0.25331492312956017,0.015944137822439773,,R500-R499,kalpha
500,502,0.46402698640590795,0.017901687595902226,,R502-R500,kalpha
500,502,0.4257750682697059,0.06750279414055875,,R502-R500,kalpha
502,504,0.24386531271510212,0.018670052521767875,,R504-R502,kalpha
519,521,0.6650711628629883,0.07583988735996738,,R521-R519,kalpha
533,534,0.12363023922610207,0.029466352233092605,,R534-R533,kalpha
533,535,0.2244374332694578,0.0293421746072063,,R535-R533,kalpha
534,535,0.10086715743726442,0.01476422526671986,,R535-R534,kalpha
535,536,0.03178223703081053,0.016681581198095985,,R536-R535,kalpha
535,537,0.1573784949939846,0.014616050499244767,,R537-R535,kalpha
536,537,0.12831232993617844,0.015257720483055084,,R537-R536,kalpha
537,538,0.16833293942514213,0.01402645504490957,,R538-R537,kalpha
564,565,0.10181644651821001,0.016172358301984317,,R565-R564,kalpha
565,566,0.010467041603737725,0.01076061289223433,,R566-R565,kalpha
565,567,0.1421292407192538,0.0122716182668161,,R567-R565,kalpha
565,567,0.14870591873951763,0.011248029914732111,,R567-R565,kalpha
566,567,0.13428704022610538,0.015317889186011622,,R567-R566,kalpha
590,592,0.14785835464808145,0.011970382875856396,,R592-R590,kalpha
592,593,0.1710479106610908,0.01556238748209583,,R593-R592,kalpha
630,631,0.08500854476931008,0.038519743441532826,,R631-R630,kalpha
630,632,0.17996398643550307,0.022960407772657357,,R632-R630,kalpha
631,632,0.09497429586117731,0.017542954121253996,,R632-R631,kalpha
632,633,0.054547603343964655,0.031916075115324,,R633-R632,kalpha
632,634,0.1554517101626772,0.017018863315805037,,R634-R632,kalpha
633,634,0.10132017562960888,0.039623222975487246,,R634-R633,kalpha
634,636,0.1147051204676757,0.015015619032301518,,R636-R634,kalpha
663,665,0.11278767881315628,0.009377308973553166,,R665-R663,kalpha
669,671,0.11180182453318067,0.014239657064557931,,R671-R669,kalpha
671,672,0.07192362942381075,0.010963228475764048,,R672-R671,kalpha
746,747,0.028908222045812785,0.013639259858500582,,R747-R746,kalpha
746,748,0.11354850909003861,0.029862250794310485,,R748-R746,kalpha
746,749,0.12639139209718508,0.01880420484077207,,R749-R746,kalpha
746,750,0.21842810706519383,0.02837408309253813,,R750-R746,kalpha
746,752,0.3277003786253773,0.031974080422912894,,R752-R746,kalpha
747,748,0.08556154771808215,0.026883259523047792,,R748-R747,kalpha
747,749,0.09765365809351545,0.01464549330376653,,R749-R747,kalpha
747,750,0.19006946360814775,0.025703840422656568,,R750-R747,kalpha
747,752,0.29856908473338384,0.02923867872273928,,R752-R747,kalpha
748,749,0.01362216213615077,0.022322847344137402,,R749-R748,kalpha
748,750,0.10488769869136871,0.008963263726564067,,R750-R748,kalpha
748,752,0.21343132967467832,0.021894581867146257,,R752-R748,kalpha
748,752,0.1766906473333985,0.026679584962229254,,R752-R748,kalpha
749,750,0.09312566468458809,0.02185382841383194,,R750-R749,kalpha
749,752,0.20189632582016212,0.026530932226982072,,R752-R749,kalpha
750,752,0.10927224469595213,0.031990719398284705,,R752-R750,kalpha
795,797,0.11753994868767859,0.023267231937719755,,R797-R795,kalpha
795,797,0.1090056129813492,0.012339139819611279,,R797-R795,kalpha
795,799,0.22657735571636542,0.025640176577538597,,R799-R795,kalpha
795,799,0.24369583469483788,0.010599869704657663,,R799-R795,kalpha
797,798,0.028790118628845035,0.012006006131181832,,R798-R797,kalpha
797,798,0.045444370233638655,0.00865190551236633,,R798-R797,kalpha
797,799,0.10904546630861699,0.011141227623115518,,R799-R797,kalpha
797,799,0.13479713846293806,0.008835931302499054,,R799-R797,kalpha
798,799,0.08110186975007906,0.015715884964804024,,R799-R798,kalpha
798,799,0.08992030754363609,0.008994607824430621,,R799-R798,kalpha
870,874,0.4406658696056001,0.051018495126416694,,R874-R870,kalpha
870,874,0.432,0.043,,R874-R870,kalpha
872,874,0.25,0.032,,R874-R872,kalpha
2,3,-1.059,0.003,,R3**2-R2**2,ois
3,4,1.466,0.034,,R4**2-R3**2,ois
3,5,0.911,0.095,,R5**2-R3**2,ois
6,7,-0.47,0.05,,R7**2-R6**2,ois
6,7,-0.84,0.08,,R7**2-R6**2,ois
6,7,-0.38,0.07,,R7**2-R6**2,ois
6,7,-0.29,0.25,,R7**2-R6**2,ois
6,7,-0.39,0.04,,R7**2-R6**2,ois
6,7,-0.41,0.08,,R7**2-R6**2,ois
6,7,-0.96,0.07,,R7**2-R6**2,ois
6,7,-0.29,0.21,,R7**2-R6**2,ois
6,7,-0.742,0.013,,R7**2-R6**2,ois
6,7,-0.738,0.013,,R7**2-R6**2,ois
7,8,-0.503,0.028,,R8**2-R7**2,ois
7,9,-0.938,0.026,,R9**2-R7**2,ois
7,10,0.157,0.081,,R10**2-R7**2,ois
6,7,-0.731,0.022,,R7**2-R6**2,ois
6,8,-1.23,0.032,,R8**2-R6**2,ois
6,9,-1.663,0.032,,R9**2-R6**2,ois
6,10,-0.543,0.069,,R10**2-R6**2,ois
11,12,-0.66,0.05,,R12**2-R11**2,ois
12,13,-0.79,0.08,,R13**2-R12**2,ois
12,14,-0.28,0.05,,R14**2-R12**2,ois
26,29,-0.22,0.152,,R29**2-R26**2,ois
27,29,0.207,0.127,,R29**2-R27**2,ois
28,29,-0.017,0.06,,R29**2-R28**2,ois
29,30,-0.217,0.038,,R30**2-R29**2,ois
29,31,-0.321,0.047,,R31**2-R29**2,ois
29,32,-0.573,0.112,,R32**2-R29**2,ois
29,33,-0.631,0.125,,R33**2-R29**2,ois
29,34,-0.462,0.16,,R34**2-R29**2,ois
29,35,-0.485,0.185,,R35**2-R29**2,ois
29,36,-0.26,0.265,,R36**2-R29**2,ois
37,40,0.13,0.25,,R40**2-R37**2,ois
38,40,-0.12,0.16999999999999998,,R40**2-R38**2,ois
39,40,0.05,0.1,,R40**2-R39**2,ois
40,41,-0.12,0.1,,R41**2-R40**2,ois
40,42,-0.1,0.15,,R42**2-R40**2,ois
40,43,-0.005,0.19799999999999998,,R43**2-R40**2,ois
40,44,0.12,0.27999999999999997,,R44**2-R40**2,ois
40,45,0.28,0.35,,R45**2-R40**2,ois
40,46,0.6,0.44,,R46**2-R40**2,ois
40,47,0.76,0.54,,R47**2-R40**2,ois
40,48,1.09,0.55,,R48**2-R40**2,ois
64,70,0.375,0.134,,R70**2-R64**2,ois
65,70,0.395,0.108,,R70**2-R65**2,ois
66,70,0.251,0.068,,R70**2-R66**2,ois
67,70,0.263,0.079,,R70**2-R67**2,ois
68,70,0.084,0.047,,R70**2-R68**2,ois
69,70,0.081,0.026000000000000002,,R70**2-R69**2,ois
70,71,0.044,0.079,,R71**2-R70**2,ois
70,72,0.167,0.044000000000000004,,R72**2-R70**2,ois
70,73,0.151,0.05499999999999999,,R73**2-R70**2,ois
70,74,0.262,0.074,,R74**2-R70**2,ois
70,75,0.221,0.08,,R75**2-R70**2,ois
70,76,0.289,0.09,,R76**2-R70**2,ois
70,77,0.237,0.1,,R77**2-R70**2,ois
78,79,0.05621371721310052,0.044,,R79**2-R78**2,ois
79,80,0.021061060094178588,0.019,,R80**2-R79**2,ois
79,81,0.11243379222862718,0.037,,R81**2-R79**2,ois
79,82,0.11137394012024456,0.056,,R82**2-R79**2,ois
79,83,0.13745267665401575,0.071,,R83**2-R79**2,ois
79,84,0.14244716125547285,0.087,,R84**2-R79**2,ois
79,85,0.17053666943829943,0.102,,R85**2-R79**2,ois
79,86,0.13940555088793333,0.116,,R86**2-R79**2,ois
79,87,0.12434650136329843,0.13,,R87**2-R79**2,ois
88,89,0.127,0.016,,R89**2-R88**2,ois
89,90,0.0032081803947954677,0.0035413427486317905,,R90**2-R89**2,ois
89,91,0.21650865666207086,0.00812166346602094,,R91**2-R89**2,ois
89,92,0.12586794368531418,0.005480991548340824,,R92**2-R89**2,ois
89,93,0.2845068292128294,0.010299991412971613,,R93**2-R89**2,ois
89,94,0.11918077722790911,0.008119732324270035,,R94**2-R89**2,ois
89,95,0.1245872033883612,0.007269169661181069,,R95**2-R89**2,ois
89,96,0.0050124154594915135,0.014085122790897023,,R96**2-R89**2,ois
89,97,-0.004410744474240428,0.007061033232273941,,R97**2-R89**2,ois
93,98,-0.007016933648528206,0.058137620310178856,,R98**2-R93**2,ois
99,102,-0.0295,0.0915,,R102**2-R99**2,ois
100,102,-0.005500000000000001,0.060500000000000005,,R102**2-R100**2,ois
101,102,0.04,0.031,,R102**2-R101**2,ois
102,103,-0.0885,0.0305,,R103**2-R102**2,ois
99,102,-0.019,0.1005,,R102**2-R99**2,ois
100,102,0.005,0.0635,,R102**2-R100**2,ois
101,102,0.055,0.035,,R102**2-R101**2,ois
102,103,-0.1,0.0315,,R103**2-R102**2,ois
99,102,-0.172,0.167,,R102**2-R99**2,ois
100,102,-0.082,0.102,,R102**2-R100**2,ois
101,102,0.019,0.05399999999999999,,R102**2-R101**2,ois
102,103,-0.152,0.054,,R103**2-R102**2,ois
104,108,-0.143,0.062,,R108**2-R104**2,ois
105,108,-0.013,0.035,,R108**2-R105**2,ois
106,108,-0.11,0.019,,R108**2-R106**2,ois
107,108,-0.03,0.01,,R108**2-R107**2,ois
108,109,-0.139,0.015,,R109**2-R108**2,ois
108,110,-0.16,0.018,,R110**2-R108**2,ois
112,113,-0.07309340218375475,0.025638146228017265,,R113**2-R112**2,ois
113,114,0.06236424807620652,0.02134113802842546,,R114**2-R113**2,ois
113,115,0.16006359246504484,0.03833282974138284,,R115**2-R113**2,ois
116,121,-0.046,0.14300000000000002,,R121**2-R116**2,ois
117,121,0.023,0.155,,R121**2-R117**2,ois
118,121,0.259,0.093,,R121**2-R118**2,ois
119,121,0.292,0.054000000000000006,,R121**2-R119**2,ois
120,121,0.165,0.032,,R121**2-R120**2,ois
121,122,0.066,0.035,,R122**2-R121**2,ois
128,129,0.22020597303968406,0.04,,R129**2-R128**2,ois
129,130,0.06549785635005942,0.017,,R130**2-R129**2,ois
129,131,0.17151423886920675,0.035,,R131**2-R129**2,ois
131,132,0.11079045898576935,0.022,,R132**2-R131**2,ois
136,137,0.03137014615351847,0.018161663562563324,,R137**2-R136**2,ois
156,169,0.1656999390312224,0.16620151775247885,,R169**2-R156**2,ois
157,169,-0.029542031658683635,0.10945042420416869,,R169**2-R157**2,ois
158,169,-0.21718899607559808,0.07900767921474372,,R169**2-R158**2,ois
159,169,-0.1533874647691837,0.07508395652216089,,R169**2-R159**2,ois
160,169,-0.20531469792992763,0.05995767889551177,,R169**2-R160**2,ois
161,169,-0.16899862326917753,0.05198300967531498,,R169**2-R161**2,ois
162,169,-0.16501687600293086,0.0469548145066513,,R169**2-R162**2,ois
163,169,-0.11204061857011884,0.04400942616205817,,R169**2-R163**2,ois
164,169,-0.09728778683353609,0.03399975028167514,,R169**2-R164**2,ois
165,169,-0.06978827929434037,0.02801297554888594,,R169**2-R165**2,ois
166,169,-0.030497776767698218,0.024053664492898197,,R169**2-R166**2,ois
167,169,-0.04126580084217528,0.011995309115569308,,R169**2-R167**2,ois
168,169,-0.008855494349985903,0.011027834739872889,,R169**2-R168**2,ois
169,170,0.12483768252457085,0.026779068358328377,,R170**2-R169**2,ois
169,171,0.28209591320837846,0.05473016350815874,,R171**2-R169**2,ois
169,172,0.3786123982433977,0.07315991549302243,,R172**2-R169**2,ois
169,173,0.49440108691363677,0.1019810179898559,,R173**2-R169**2,ois
169,174,0.596056549005794,0.11736239837233751,,R174**2-R169**2,ois
169,175,0.7503051341133282,0.1432509362885164,,R175**2-R169**2,ois
169,176,0.8095335641685222,0.15539611244498663,,R176**2-R169**2,ois
169,177,0.9880696549476483,0.1855002235969007,,R177**2-R169**2,ois
169,178,1.0432777890275389,0.19970001555525022,,R178**2-R169**2,ois
169,179,1.2157838227027387,0.23597533361891532,,R179**2-R169**2,ois
180,191,-0.20052870565315017,0.37,,R191**2-R180**2,ois
181,191,-0.2604308830995539,0.36,,R191**2-R181**2,ois
182,191,-0.28027812238509114,0.34,,R191**2-R182**2,ois
183,191,-0.21033306163791404,0.28,,R191**2-R183**2,ois
184,191,-0.20025402792905636,0.25,,R191**2-R184**2,ois
185,191,-0.1602388183289026,0.21,,R191**2-R185**2,ois
186,191,-0.12021786714061708,0.17,,R191**2-R186**2,ois
187,191,-0.0501637592207239,0.11,,R191**2-R187**2,ois
188,191,-0.0070319485964153265,0.074,,R191**2-R188**2,ois
189,191,-0.03309036651460665,0.06,,R191**2-R189**2,ois
190,191,-0.025040269334935507,0.034,,R191**2-R190**2,ois
191,192,0.1295295571899593,0.041,,R192**2-R191**2,ois
191,193,0.28909182925418064,0.057,,R193**2-R191**2,ois
191,194,0.4082996645209604,0.1,,R194**2-R191**2,ois
191,195,0.5306456629482853,0.12,,R195**2-R191**2,ois
191,196,0.6633580066077307,0.16,,R196**2-R191**2,ois
191,197,0.7650637936800894,0.18,,R197**2-R191**2,ois
191,198,0.8668023261616473,0.2,,R198**2-R191**2,ois
191,199,1.0202366996294003,0.23,,R199**2-R191**2,ois
191,200,1.1013365847599046,0.26,,R200**2-R191**2,ois
191,201,1.6490261913548934,0.4,,R201**2-R191**2,ois
191,202,1.7298229031207264,0.43,,R202**2-R191**2,ois
203,214,-0.248,0.057999999999999996,,R214**2-R203**2,ois
204,214,-0.24246020710924104,0.04893941202275673,,R214**2-R204**2,ois
205,214,-0.26132696201156536,0.042889932662006365,,R214**2-R205**2,ois
206,214,-0.24325459579457492,0.03988082234956077,,R214**2-R206**2,ois
207,214,-0.2321517333700354,0.03387121448481382,,R214**2-R207**2,ois
208,214,-0.17919196727243372,0.029912136648456253,,R214**2-R208**2,ois
209,214,-0.16211373921615502,0.023911465349425995,,R214**2-R209**2,ois
210,214,-0.11613205865470001,0.01894692151885184,,R214**2-R210**2,ois
211,214,-0.04813809483191055,0.015011046843682043,,R214**2-R211**2,ois
212,214,-0.0500820276474604,0.009982320671958226,,R214**2-R212**2,ois
213,214,-0.007028495881779486,0.006018754269097816,,R214**2-R213**2,ois
214,215,0.12652772589043365,0.013837719759541428,,R215**2-R214**2,ois
214,216,0.28311316336720044,0.032820237761923714,,R216**2-R214**2,ois
214,217,0.3817105861717719,0.041734741693963365,,R217**2-R214**2,ois
214,218,0.5227882784118231,0.05809755204008497,,R218**2-R214**2,ois
214,219,0.6018064325889178,0.06501984862347406,,R219**2-R214**2,ois
214,220,0.7294577148647557,0.08001104083276647,,R220**2-R214**2,ois
214,221,0.8178487200934195,0.0878970693993283,,R221**2-R214**2,ois
214,222,0.9879255276216016,0.10619098999820585,,R222**2-R214**2,ois
214,223,1.068060280540113,0.11530004283332772,,R223**2-R214**2,ois
214,224,1.666238131781412,0.17529632482584542,,R224**2-R214**2,ois
214,225,1.7605873515477803,0.18689707805281525,,R225**2-R214**2,ois
214,226,1.8768743308025058,0.2059370427565523,,R226**2-R214**2,ois
227,230,-0.07,-0.007000000000000001,,R230**2-R227**2,ois
228,230,-0.057,-0.0057,,R230**2-R228**2,ois
229,230,-0.009,-0.0009,,R230**2-R229**2,ois
230,231,0.12,0.012,,R231**2-R230**2,ois
230,232,0.385,0.038500000000000006,,R232**2-R230**2,ois
230,233,0.526,0.05260000000000001,,R233**2-R230**2,ois
230,234,0.602,0.060200000000000004,,R234**2-R230**2,ois
230,235,0.723,0.0723,,R235**2-R230**2,ois
230,236,0.824,0.0824,,R236**2-R230**2,ois
230,237,0.976,0.0976,,R237**2-R230**2,ois
230,238,1.088,0.10880000000000001,,R238**2-R230**2,ois
230,239,1.904,0.1904,,R239**2-R230**2,ois
230,240,1.946,0.1946,,R240**2-R230**2,ois
230,241,2.084,0.20840000000000003,,R241**2-R230**2,ois
230,242,2.129,0.2129,,R242**2-R230**2,ois
230,242,2.119,0.21190000000000003,,R242**2-R230**2,ois
243,246,-0.08,0.012,,R246**2-R243**2,ois
244,246,-0.075,0.011,!,R246**2-R244**2,ois
245,246,-0.012,0.013000000000000001,,R246**2-R245**2,ois
246,248,0.22861693541616912,0.0489620646448774,,R248**2-R246**2,ois
246,247,0.09777783634336658,0.024613862182763735,,R247**2-R246**2,ois
248,249,0.17295898272795682,0.04180129248787188,,R249**2-R248**2,ois
249,250,0.11863476597565631,0.03438617482489077,,R250**2-R249**2,ois
246,251,0.813,0.041,,R251**2-R246**2,ois
246,252,0.98,0.049,,R252**2-R246**2,ois
246,253,1.089,0.054,,R253**2-R246**2,ois
246,254,1.665,0.083,,R254**2-R246**2,ois
246,255,1.843,0.092,,R255**2-R246**2,ois
246,256,1.979,0.099,,R256**2-R246**2,ois
257,258,-0.011,0.0011,,R258**2-R257**2,ois
258,259,0.127,0.0127,,R259**2-R258**2,ois
258,260,0.312,0.0312,,R260**2-R258**2,ois
258,261,1.028,0.1028,,R261**2-R258**2,ois
258,262,1.731,0.1731,,R262**2-R258**2,ois
258,263,1.942,0.1942,,R263**2-R258**2,ois
264,266,-0.084,0.002,,R266**2-R264**2,ois
265,266,-0.021,0.002,,R266**2-R265**2,ois
266,267,0.322,0.004,,R267**2-R266**2,ois
266,268,0.41,0.027,,R268**2-R266**2,ois
266,269,0.597,0.012,,R269**2-R266**2,ois
266,270,0.63,0.013000000000000001,,R270**2-R266**2,ois
266,271,0.811,0.021,,R271**2-R266**2,ois
266,272,1.139,0.04,,R272**2-R266**2,ois
266,273,1.526,0.07100000000000001,,R273**2-R266**2,ois
266,274,1.727,0.091,,R274**2-R266**2,ois
266,275,1.821,0.101,,R275**2-R266**2,ois
266,276,1.945,0.116,,R276**2-R266**2,ois
266,277,2.036,0.117,,R277**2-R266**2,ois
266,278,2.14,0.14,,R278**2-R266**2,ois
279,280,0.21485349516569643,0.1302267673959431,,R280**2-R279**2,ois
280,281,0.06097382474226242,0.0395706440733335,,R281**2-R280**2,ois
280,282,0.19416008217237182,0.11579904604039647,,R282**2-R280**2,ois
281,283,0.1734784103124689,0.10623942143575298,,R283**2-R281**2,ois
282,283,0.040521200229951676,0.028236824010856226,,R283**2-R282**2,ois
282,284,0.17350147606942148,0.10605636067414216,,R284**2-R282**2,ois
284,285,0.19427313180126998,0.11290469735509591,,R285**2-R284**2,ois
287,288,0.1530410949417549,0.07435328262006022,,R288**2-R287**2,ois
288,290,0.1468786832208256,0.0725855650498605,,R290**2-R288**2,ois
290,291,0.14898149778141745,0.07312236520744646,,R291**2-R290**2,ois
291,292,0.1324922970750688,0.04120307279577851,,R292**2-R291**2,ois
293,298,0.676,0.07060000000000001,,R298**2-R293**2,ois
294,298,0.486,0.050600000000000006,,R298**2-R294**2,ois
295,298,0.419,0.0439,,R298**2-R295**2,ois
296,298,0.298,0.0318,,R298**2-R296**2,ois
297,298,0.149,0.0159,,R298**2-R297**2,ois
299,311,0.982,0.255,,R311**2-R299**2,ois
300,311,0.876,0.231,,R311**2-R300**2,ois
301,311,0.745,0.21300000000000002,,R311**2-R301**2,ois
302,311,0.673,0.183,,R311**2-R302**2,ois
303,311,0.5345,0.09620000000000001,,R311**2-R303**2,ois
304,311,0.481,0.139,,R311**2-R304**2,ois
305,311,0.392,0.07020000000000001,,R311**2-R305**2,ois
306,311,0.377,0.122,,R311**2-R306**2,ois
307,311,0.2555,0.0462,,R311**2-R307**2,ois
308,311,0.2348,0.0402,,R311**2-R308**2,ois
309,311,0.1206,0.044,,R311**2-R309**2,ois
310,311,0.0989,0.0162,,R311**2-R310**2,ois
311,312,0.023,0.055999999999999994,,R312**2-R311**2,ois
311,313,0.0941,0.0192,,R313**2-R311**2,ois
311,314,0.125,0.064,,R314**2-R311**2,ois
311,315,0.169,0.10300000000000001,,R315**2-R311**2,ois
316,327,0.842,0.0992,,R327**2-R316**2,ois
317,327,0.733,0.0873,,R327**2-R317**2,ois
318,327,0.678,0.07980000000000001,,R327**2-R318**2,ois
319,327,0.575,0.0675,,R327**2-R319**2,ois
320,327,0.509,0.0559,,R327**2-R320**2,ois
321,327,0.41,0.048,,R327**2-R321**2,ois
322,327,0.361,0.0441,,R327**2-R322**2,ois
323,327,0.262,0.031200000000000002,,R327**2-R323**2,ois
324,327,0.218,0.0278,,R327**2-R324**2,ois
325,327,0.128,0.0131,,R327**2-R325**2,ois
326,327,0.087,0.0107,,R327**2-R326**2,ois
327,328,0.048,0.0058000000000000005,,R328**2-R327**2,ois
327,329,0.119,0.0159,,R329**2-R327**2,ois
327,330,0.157,0.0177,,R330**2-R327**2,ois
327,331,0.22,0.026000000000000002,,R331**2-R327**2,ois
327,332,0.252,0.027200000000000002,,R332**2-R327**2,ois
327,333,0.306,0.033600000000000005,,R333**2-R327**2,ois
327,334,0.332,0.0372,,R334**2-R327**2,ois
327,335,0.385,0.04150000000000001,,R335**2-R327**2,ois
327,336,0.412,0.0472,,R336**2-R327**2,ois
327,337,0.452,0.0502,,R337**2-R327**2,ois
327,338,0.48,0.055,,R338**2-R327**2,ois
327,339,0.508,0.057800000000000004,,R339**2-R327**2,ois
340,348,0.578,0.023,,R348**2-R340**2,ois
341,348,0.506,0.02,,R348**2-R341**2,ois
342,348,0.417,0.016,,R348**2-R342**2,ois
343,348,0.378,0.015,,R348**2-R343**2,ois
344,348,0.269,0.011,,R348**2-R344**2,ois
345,348,0.212,0.008,,R348**2-R345**2,ois
346,348,0.136,0.008,,R348**2-R346**2,ois
347,348,0.096,0.004,,R348**2-R347**2,ois
348,349,0.044,0.002,,R349**2-R348**2,ois
348,350,0.128,0.005,,R350**2-R348**2,ois
348,351,0.165,0.006,,R351**2-R348**2,ois
348,352,0.241,0.01,,R352**2-R348**2,ois
348,353,0.281,0.009999999999999998,,R353**2-R348**2,ois
348,354,0.342,0.013999999999999999,,R354**2-R348**2,ois
348,355,0.367,0.013000000000000001,,R355**2-R348**2,ois
348,356,0.428,0.018000000000000002,,R356**2-R348**2,ois
348,357,0.455,0.018,,R357**2-R348**2,ois
352,357,0.236,0.031,,R357**2-R352**2,ois
352,358,0.29,0.037,,R358**2-R352**2,ois
352,359,0.322,0.042,,R359**2-R352**2,ois
352,360,0.373,0.048,,R360**2-R352**2,ois
352,361,0.384,0.052,,R361**2-R352**2,ois
352,362,0.465,0.059,,R362**2-R352**2,ois
352,363,0.521,0.066,,R363**2-R352**2,ois
352,364,0.534,0.069,,R364**2-R352**2,ois
367,376,0.5224,0.12944999999999995,,R376**2-R367**2,ois
368,376,0.4242,0.10355000000000003,,R376**2-R368**2,ois
369,376,0.35035,0.09270000000000002,,R376**2-R369**2,ois
370,376,0.28259999999999996,0.07229999999999996,,R376**2-R370**2,ois
371,376,0.26795,0.06685000000000002,,R376**2-R371**2,ois
372,376,0.21065,0.05289999999999999,,R376**2-R372**2,ois
373,376,0.19230000000000003,0.046750000000000014,,R376**2-R373**2,ois
374,376,0.1422,0.03449999999999999,,R376**2-R374**2,ois
375,376,0.07089999999999999,0.017299999999999996,,R376**2-R375**2,ois
376,377,0.07015,0.03055,,R377**2-R376**2,ois
376,378,0.1334,0.047,,R378**2-R376**2,ois
376,379,0.35645,0.1,,R379**2-R376**2,ois
381,394,0.599,0.14900000000000002,,R394**2-R381**2,ois
382,394,0.46,0.127,,R394**2-R382**2,ois
383,394,0.363,0.117,,R394**2-R383**2,ois
384,394,0.299,0.096,,R394**2-R384**2,ois
385,394,0.242,0.085,,R394**2-R385**2,ois
386,394,0.193,0.067,,R394**2-R386**2,ois
387,394,0.152,0.054000000000000006,,R394**2-R387**2,ois
388,394,0.151,0.043000000000000003,,R394**2-R388**2,ois
389,394,0.117,0.043000000000000003,,R394**2-R389**2,ois
390,394,0.125,0.032,,R394**2-R390**2,ois
391,394,0.0844,0.0217,,R394**2-R391**2,ois
391,392,-0.022,0.005,,R392**2-R391**2,ois
393,394,0.0518,0.0133,,R394**2-R393**2,ois
394,395,0.105,0.013000000000000001,,R395**2-R394**2,ois
394,396,0.254,0.023,,R396**2-R394**2,ois
394,397,0.359,0.036,,R397**2-R394**2,ois
394,398,0.486,0.042,,R398**2-R394**2,ois
394,399,0.591,0.054000000000000006,,R399**2-R394**2,ois
394,400,0.71,0.06899999999999999,,R400**2-R394**2,ois
394,401,0.794,0.07400000000000001,,R401**2-R394**2,ois
394,402,0.908,0.085,,R402**2-R394**2,ois
394,403,1.1,0.10500000000000001,,R403**2-R394**2,ois
404,419,0.197,0.076,,R419**2-R404**2,ois
405,419,0.136,0.07300000000000001,,R419**2-R405**2,ois
406,419,0.1185,0.0574,,R419**2-R406**2,ois
407,419,0.2555,0.06,,R419**2-R407**2,ois
408,419,0.2524,0.05,,R419**2-R408**2,ois
409,419,0.2078,0.05,,R419**2-R409**2,ois
410,419,0.2008,0.04,,R419**2-R410**2,ois
411,419,0.1517,0.04,,R419**2-R411**2,ois
412,419,0.1586,0.030000000000000002,,R419**2-R412**2,ois
413,419,0.0985,0.028999999999999998,,R419**2-R413**2,ois
414,419,0.1131,0.023,,R419**2-R414**2,ois
415,419,0.0561,0.02,,R419**2-R415**2,ois
416,419,0.0465,0.015,,R419**2-R416**2,ois
417,419,0.0141,0.011,,R419**2-R417**2,ois
418,419,0.0369,0.005,,R419**2-R418**2,ois
419,420,-0.0096,0.006,,R420**2-R419**2,ois
419,421,0.025,0.01,,R421**2-R419**2,ois
419,422,0.0168,0.023,,R422**2-R419**2,ois
419,423,0.0821,0.02,,R423**2-R419**2,ois
419,424,0.2023,0.019999999999999997,,R424**2-R419**2,ois
419,425,0.3604,0.05,,R425**2-R419**2,ois
419,426,0.4869,0.072,,R426**2-R419**2,ois
419,427,0.6159,0.095,,R427**2-R419**2,ois
419,428,0.7454,0.12000000000000001,,R428**2-R419**2,ois
419,429,0.8798,0.139,,R429**2-R419**2,ois
419,430,0.9669,0.15,,R430**2-R419**2,ois
419,431,1.0953,0.18,,R431**2-R419**2,ois
419,432,1.185,0.182,,R432**2-R419**2,ois
433,451,0.262,0.028200000000000003,,R451**2-R433**2,ois
434,451,0.184,0.0204,,R451**2-R434**2,ois
435,451,0.204,0.0234,,R451**2-R435**2,ois
436,451,0.22,0.025,,R451**2-R436**2,ois
437,451,0.175,0.019500000000000003,,R451**2-R437**2,ois
438,451,0.182,0.020200000000000003,,R451**2-R438**2,ois
439,451,0.142,0.0162,,R451**2-R439**2,ois
440,451,0.158,0.017800000000000003,,R451**2-R440**2,ois
441,451,0.111,0.0121,,R451**2-R441**2,ois
442,451,0.118,0.012799999999999999,,R451**2-R442**2,ois
443,451,0.086,0.009600000000000001,,R451**2-R443**2,ois
444,451,0.093,0.0103,,R451**2-R444**2,ois
445,451,0.068,0.0078000000000000005,,R451**2-R445**2,ois
446,451,0.084,0.009400000000000002,,R451**2-R446**2,ois
447,451,0.049,0.005900000000000001,,R451**2-R447**2,ois
448,451,0.074,0.008400000000000001,,R451**2-R448**2,ois
449,451,0.039,0.0049,,R451**2-R449**2,ois
450,451,0.057,0.0067,,R451**2-R450**2,ois
451,452,0.123,0.0133,,R452**2-R451**2,ois
451,453,0.278,0.028800000000000006,,R453**2-R451**2,ois
451,454,0.391,0.040100000000000004,,R454**2-R451**2,ois
451,455,0.525,0.0545,,R455**2-R451**2,ois
451,456,0.648,0.06680000000000001,,R456**2-R451**2,ois
451,457,0.786,0.0806,,R457**2-R451**2,ois
451,458,0.886,0.09060000000000001,,R458**2-R451**2,ois
451,459,1.011,0.1031,,R459**2-R451**2,ois
451,460,1.245,0.1275,,R460**2-R451**2,ois
461,463,0.05594983969328459,0.033323936123406464,,R463**2-R461**2,ois
462,463,0.08270715564141977,0.01895977268344252,,R463**2-R462**2,ois
464,466,0.031,0.004,,R466**2-R464**2,ois
465,466,0.033,0.004,,R466**2-R465**2,ois
466,467,0.281,0.016,,R467**2-R466**2,ois
466,468,0.513,0.026000000000000002,,R468**2-R466**2,ois
466,469,0.793,0.03,,R469**2-R466**2,ois
466,470,1.089,0.04,,R470**2-R466**2,ois
472,481,-0.047,0.0327,,R481**2-R472**2,ois
473,481,-0.005,0.0205,,R481**2-R473**2,ois
474,481,0.035,0.0345,,R481**2-R474**2,ois
475,481,0.011,0.0261,,R481**2-R475**2,ois
476,481,0.04,0.019,,R481**2-R476**2,ois
477,481,-0.006,0.0206,,R481**2-R477**2,ois
478,481,0.044,0.0174,,R481**2-R478**2,ois
479,481,0.021,0.027100000000000003,,R481**2-R479**2,ois
480,481,0.062,0.019200000000000002,,R481**2-R480**2,ois
481,482,0.122,0.0172,,R482**2-R481**2,ois
481,483,0.278,0.030800000000000004,,R483**2-R481**2,ois
481,484,0.385,0.043500000000000004,,R484**2-R481**2,ois
481,485,0.537,0.0577,,R485**2-R481**2,ois
481,486,0.823,0.0863,,R486**2-R481**2,ois
481,487,1.205,0.1255,,R487**2-R481**2,ois
488,494,-0.073,0.0183,,R494**2-R488**2,ois
489,494,-0.031,0.0141,,R494**2-R489**2,ois
490,494,-0.04,0.015,,R494**2-R490**2,ois
491,494,0.043,0.0223,,R494**2-R491**2,ois
492,494,0.006,0.0096,,R494**2-R492**2,ois
493,494,0.043,0.0153,,R494**2-R493**2,ois
494,495,0.123,0.0193,,R495**2-R494**2,ois
494,496,0.266,0.0366,,R496**2-R494**2,ois
494,497,0.365,0.0645,,R497**2-R494**2,ois
494,498,0.517,0.0787,,R498**2-R494**2,ois
494,499,0.609,0.08990000000000001,,R499**2-R494**2,ois
494,500,0.82,0.113,,R500**2-R494**2,ois
494,501,0.981,0.1381,,R501**2-R494**2,ois
494,502,1.243,0.16230000000000003,,R502**2-R494**2,ois
494,503,1.339,0.1359,,R503**2-R494**2,ois
494,504,1.473,0.18730000000000002,,R504**2-R494**2,ois
505,513,-0.09641553002666713,0.05357765990275298,,R513**2-R505**2,ois
506,513,-0.11429556386535215,0.045221507134639974,,R513**2-R506**2,ois
507,513,-0.109,0.0439,,R513**2-R507**2,ois
508,513,-0.033,0.015300000000000001,,R513**2-R508**2,ois
509,513,-0.035,0.0125,,R513**2-R509**2,ois
510,513,0.054,0.0154,,R513**2-R510**2,ois
511,513,0.026,0.0076,,R513**2-R511**2,ois
512,513,0.05,0.011,,R513**2-R512**2,ois
513,514,0.124,0.021400000000000002,,R514**2-R513**2,ois
513,515,0.271,0.0441,,R515**2-R513**2,ois
513,516,0.376,0.0616,,R516**2-R513**2,ois
513,517,0.532,0.0862,,R517**2-R513**2,ois
513,518,0.625,0.1015,,R518**2-R513**2,ois
513,519,0.851,0.1361,,R519**2-R513**2,ois
519,520,0.5435449591597431,0.0802185377886661,,R520**2-R519**2,ois
519,521,0.5925820518534817,0.06141791236773742,,R521**2-R519**2,ois
519,522,0.7094701486067145,0.11427966026849756,,R522**2-R519**2,ois
519,523,0.694491320784476,0.0791283867084393,,R523**2-R519**2,ois
519,524,0.7356816858933576,0.08329093236225518,,R524**2-R519**2,ois
519,525,0.8249359430066271,0.09132777029842301,,R525**2-R519**2,ois
519,526,0.8858488720648328,0.09751154446539119,,R526**2-R519**2,ois
519,527,0.972172817562746,0.10741893309906822,,R527**2-R519**2,ois
528,538,1.8908644750516816,0.032564605632163346,,R538**2-R528**2,ois
530,538,1.62,0.15,,R538**2-R530**2,ois
531,538,1.37,0.14,,R538**2-R531**2,ois
529,533,1.4,0.12,,R533**2-R529**2,ois
532,533,0.412,0.021997366052440084,,R533**2-R532**2,ois
533,535,0.183,0.009642048218502628,,R535**2-R533**2,ois
535,537,0.137,0.007529027882908456,,R537**2-R535**2,ois
537,538,0.142,0.008530001349571001,,R538**2-R537**2,ois
533,534,0.089,0.005320645780654305,,R534**2-R533**2,ois
535,536,0.027,0.0022060442350236476,,R536**2-R535**2,ois
539,549,1.3950824690613128,0.15522365587450315,,R549**2-R539**2,ois
540,549,1.3077262308152604,0.14521464518783478,,R549**2-R540**2,ois
541,549,1.1776350244484695,0.1307528683518591,,R549**2-R541**2,ois
542,549,1.1045336334982025,0.12331103109507913,,R549**2-R542**2,ois
543,549,0.9732688190007377,0.10872477935575314,,R549**2-R543**2,ois
544,549,0.91567341495434,0.10289654188129373,,R549**2-R544**2,ois
545,549,0.654865219868993,0.07588707117182547,,R549**2-R545**2,ois
546,549,0.26630144892852975,0.044943867376496395,,R549**2-R546**2,ois
547,549,0.21052620428958524,0.030863732391370392,,R549**2-R547**2,ois
548,549,0.11372143521265476,0.02000293411975633,,R549**2-R548**2,ois
550,551,0.017,0.0037,,R551**2-R550**2,ois
551,552,0.113,0.0233,,R552**2-R551**2,ois
551,553,0.254,0.0504,,R553**2-R551**2,ois
551,554,0.35,0.07,,R554**2-R551**2,ois
551,555,0.502,0.10020000000000001,,R555**2-R551**2,ois
551,556,0.588,0.11779999999999999,,R556**2-R551**2,ois
551,557,0.799,0.15990000000000001,,R557**2-R551**2,ois
551,558,1.02,0.202,,R558**2-R551**2,ois
551,559,1.19,0.239,,R559**2-R551**2,ois
551,560,1.28,0.258,,R560**2-R551**2,ois
551,561,1.39,0.279,,R561**2-R551**2,ois
551,562,1.4,0.28,,R562**2-R551**2,ois
551,563,1.53,0.30300000000000005,,R563**2-R551**2,ois
551,564,1.56,0.31600000000000006,,R564**2-R551**2,ois
551,565,1.66,0.336,,R565**2-R551**2,ois
551,566,1.71,0.341,,R566**2-R551**2,ois
551,567,1.8,0.36,,R567**2-R551**2,ois
559,561,0.199,0.011077734362942595,,R561**2-R559**2,ois
561,563,0.134,0.008953851168269961,,R563**2-R561**2,ois
563,565,0.136,0.00916707061347085,,R565**2-R563**2,ois
565,567,0.126,0.0080582503164956,,R567**2-R565**2,ois
563,564,0.036,0.0024156316372336297,,R564**2-R563**2,ois
565,566,0.041,0.0024170591772565276,,R566**2-R565**2,ois
568,581,1.617,0.16970000000000002,,R581**2-R568**2,ois
569,581,1.406,0.1456,,R581**2-R569**2,ois
570,581,1.271,0.1341,,R581**2-R570**2,ois
571,581,1.167,0.11970000000000001,,R581**2-R571**2,ois
572,581,0.949,0.0969,,R581**2-R572**2,ois
573,581,0.907,0.09570000000000001,,R581**2-R573**2,ois
574,581,0.49,0.051000000000000004,,R581**2-R574**2,ois
575,581,0.454,0.0494,,R581**2-R575**2,ois
576,581,0.35,0.037000000000000005,,R581**2-R576**2,ois
577,581,0.363,0.0383,,R581**2-R577**2,ois
578,581,0.24,0.026000000000000002,,R581**2-R578**2,ois
579,581,0.207,0.0277,,R581**2-R579**2,ois
580,581,0.117,0.0177,,R581**2-R580**2,ois
582,583,0.253,0.050300000000000004,,R583**2-R582**2,ois
582,584,0.499,0.0999,,R584**2-R582**2,ois
582,585,0.76,0.15200000000000002,,R585**2-R582**2,ois
582,586,1.05,0.215,,R586**2-R582**2,ois
582,587,1.3,0.26,,R587**2-R582**2,ois
582,588,1.48,0.298,,R588**2-R582**2,ois
588,589,0.107,0.0212,,R589**2-R588**2,ois
589,590,0.105,0.020999999999999998,,R590**2-R589**2,ois
590,591,0.0362,0.007170000000000001,,R591**2-R590**2,ois
590,592,0.105,0.020999999999999998,,R592**2-R590**2,ois
592,593,0.128,0.0252,,R593**2-R592**2,ois
594,609,1.615,0.1925,,R609**2-R594**2,ois
595,609,1.486,0.1676,,R609**2-R595**2,ois
596,609,1.284,0.13440000000000002,,R609**2-R596**2,ois
597,609,1.1518568047480513,0.06782912211043884,,R609**2-R597**2,ois
598,609,1.0560819439556919,0.06183018083005119,,R609**2-R598**2,ois
599,609,0.8936934727488275,0.05018514108480416,,R609**2-R599**2,ois
600,609,0.7782902530686046,0.04424022358167912,,R609**2-R600**2,ois
601,609,0.6629220455293245,0.03721947077162456,,R609**2-R601**2,ois
602,609,0.5627712178008843,0.0342179520276943,,R609**2-R602**2,ois
603,609,0.4216694685502737,0.023710081049043676,,R609**2-R603**2,ois
604,609,0.3625466753825187,0.02497584969425149,,R609**2-R604**2,ois
605,609,0.260407821664962,0.015439690686586054,,R609**2-R605**2,ois
606,609,0.218430941498626,0.014392986507533654,,R609**2-R606**2,ois
607,609,0.13129826811058934,0.009908684571495248,,R609**2-R607**2,ois
608,609,0.08836669946293647,0.008856564993025126,,R609**2-R608**2,ois
609,610,0.04967796819198777,0.0078013808868405785,,R610**2-R609**2,ois
609,611,0.1367137507310381,0.013401392720219757,,R611**2-R609**2,ois
609,612,0.15966143364799096,0.03985469157290444,,R612**2-R609**2,ois
613,614,0.36790424152174694,0.049109375342928974,,R614**2-R613**2,ois
614,616,0.2778698376164058,0.03966845314514243,,R616**2-R614**2,ois
615,628,1.316,0.13960000000000003,,R628**2-R615**2,ois
616,628,1.171,0.1411,,R628**2-R616**2,ois
617,628,1.091,0.1451,,R628**2-R617**2,ois
618,628,0.9554,0.10134000000000001,,R628**2-R618**2,ois
619,628,0.846,0.1076,,R628**2-R619**2,ois
620,628,0.7319,0.07699,,R628**2-R620**2,ois
621,628,0.6472,0.06792,,R628**2-R621**2,ois
622,628,0.5157,0.05437,,R628**2-R622**2,ois
623,628,0.434,0.045700000000000005,,R628**2-R623**2,ois
624,628,0.3135,0.034050000000000004,,R628**2-R624**2,ois
625,628,0.2409,0.02569,,R628**2-R625**2,ois
626,628,0.1397,0.01497,,R628**2-R626**2,ois
627,628,0.064,0.0069,,R628**2-R627**2,ois
628,629,0.0517,0.01917,,R629**2-R628**2,ois
628,630,0.1173,0.01293,,R630**2-R628**2,ois
628,631,0.1573,0.01713,,R631**2-R628**2,ois
628,632,0.2279,0.02469,,R632**2-R628**2,ois
628,633,0.2664,0.028940000000000004,,R633**2-R628**2,ois
628,634,0.3144,0.034140000000000004,,R634**2-R628**2,ois
628,635,0.333,0.0463,,R635**2-R628**2,ois
628,636,0.3968,0.04308,,R636**2-R628**2,ois
637,646,1.12,0.11300000000000002,,R646**2-R637**2,ois
638,646,1.011,0.1021,,R646**2-R638**2,ois
639,646,0.835,0.0845,,R646**2-R639**2,ois
640,646,0.721,0.0731,,R646**2-R640**2,ois
641,646,0.561,0.05710000000000001,,R646**2-R641**2,ois
642,646,0.412,0.0422,,R646**2-R642**2,ois
643,646,0.269,0.027900000000000005,,R646**2-R643**2,ois
644,646,0.144,0.0154,,R646**2-R644**2,ois
645,646,0.078,0.0088,,R646**2-R645**2,ois
646,647,0.076,0.0086,,R647**2-R646**2,ois
646,648,0.129,0.013900000000000003,,R648**2-R646**2,ois
646,649,0.225,0.0235,,R649**2-R646**2,ois
646,650,0.286,0.0296,,R650**2-R646**2,ois
646,651,0.356,0.0366,,R651**2-R646**2,ois
646,652,0.397,0.04070000000000001,,R652**2-R646**2,ois
646,653,0.477,0.0487,,R653**2-R646**2,ois
646,654,0.523,0.05330000000000001,,R654**2-R646**2,ois
646,655,0.586,0.0596,,R655**2-R646**2,ois
659,660,-0.010049158640217918,0.01198986470583565,,R660**2-R659**2,ois
656,663,0.4861097530559964,0.05718938980171477,,R663**2-R656**2,ois
657,663,0.31379841958237253,0.03733194284969132,,R663**2-R657**2,ois
658,663,0.23633538321933895,0.028315219822464818,,R663**2-R658**2,ois
659,663,0.17381998143932262,0.020857534118685413,,R663**2-R659**2,ois
661,663,0.08692108773827134,0.010957729692940055,,R663**2-R661**2,ois
662,663,0.06376085047182656,0.007598319348473082,,R663**2-R662**2,ois
663,664,0.03713724268782372,0.00482235089275598,,R664**2-R663**2,ois
663,665,0.1018172763953607,0.012512510663597091,,R665**2-R663**2,ois
663,666,0.12758301460612118,0.02471009504561429,,R666**2-R663**2,ois
668,669,0.07016562812580646,0.015518052878313536,,R669**2-R668**2,ois
669,670,0.05314869392918148,0.01075881027688025,,R670**2-R669**2,ois
669,671,0.10095183819326745,0.0192559212408437,,R671**2-R669**2,ois
671,672,0.08712098619873472,0.016282346495922834,,R672**2-R671**2,ois
673,674,0.10751022128517171,0.02060721549284117,,R674**2-R673**2,ois
675,676,0.08616943563236149,0.01977747107891717,,R676**2-R675**2,ois
676,677,0.024652549338713043,0.007697827067618457,,R677**2-R676**2,ois
676,678,0.08406447298429727,0.01809485338244593,,R678**2-R676**2,ois
677,679,0.08301210413837165,0.01919000254865999,,R679**2-R677**2,ois
678,679,0.023614131763967025,0.0075875706089625124,,R679**2-R678**2,ois
678,680,0.0734771087203016,0.015905551038639495,,R680**2-R678**2,ois
680,681,0.06504831585489954,0.012907342673583198,,R681**2-R680**2,ois
682,690,0.283,0.0343,,R690**2-R682**2,ois
683,690,0.203,0.024300000000000002,,R690**2-R683**2,ois
684,690,0.176,0.0206,,R690**2-R684**2,ois
685,690,0.123,0.015300000000000001,,R690**2-R685**2,ois
686,690,0.073,0.011300000000000001,,R690**2-R686**2,ois
687,690,0.168,0.0198,,R690**2-R687**2,ois
688,690,0.14,0.018000000000000002,,R690**2-R688**2,ois
689,690,0.076,0.009600000000000001,,R690**2-R689**2,ois
690,691,0.0691,0.00771,,R691**2-R690**2,ois
692,708,0.529,0.0689,,R708**2-R692**2,ois
693,708,0.335,0.05450000000000001,,R708**2-R693**2,ois
694,708,0.36,0.047,,R708**2-R694**2,ois
695,708,0.251,0.0401,,R708**2-R695**2,ois
696,708,0.279,0.0379,,R708**2-R696**2,ois
697,708,0.216,0.0296,,R708**2-R697**2,ois
698,708,0.221,0.0291,,R708**2-R698**2,ois
699,708,0.093,0.016300000000000002,,R708**2-R699**2,ois
700,708,0.203,0.0323,,R708**2-R700**2,ois
701,708,0.175,0.037500000000000006,,R708**2-R701**2,ois
702,708,0.19,0.027000000000000003,,R708**2-R702**2,ois
703,708,0.181,0.031100000000000003,,R708**2-R703**2,ois
704,708,0.132,0.021200000000000004,,R708**2-R704**2,ois
705,708,0.139,0.021900000000000003,,R708**2-R705**2,ois
706,708,0.067,0.0167,,R708**2-R706**2,ois
707,708,0.047,0.0117,,R708**2-R707**2,ois
708,709,0.035,0.007500000000000001,,R709**2-R708**2,ois
708,710,0.074,0.0114,,R710**2-R708**2,ois
708,711,0.154,0.0234,,R711**2-R708**2,ois
712,716,0.13,0.022,,R716**2-R712**2,ois
713,726,0.064,0.0184,,R726**2-R713**2,ois
714,726,0.075,0.0165,,R726**2-R714**2,ois
715,726,0.014,0.0094,,R726**2-R715**2,ois
716,726,0.385,0.04750000000000001,,R726**2-R716**2,ois
717,726,0.347,0.0437,,R726**2-R717**2,ois
718,726,0.309,0.0379,,R726**2-R718**2,ois
719,726,0.285,0.034499999999999996,,R726**2-R719**2,ois
720,726,0.2427,0.02847,,R726**2-R720**2,ois
721,726,0.2065,0.024050000000000002,,R726**2-R721**2,ois
722,726,0.162,0.018900000000000004,,R726**2-R722**2,ois
723,726,0.1289,0.014989999999999998,,R726**2-R723**2,ois
724,726,0.08,0.014,,R726**2-R724**2,ois
725,726,0.043,0.0083,,R726**2-R725**2,ois
726,727,0.031,0.0051,,R727**2-R726**2,ois
726,728,0.089,0.009899999999999999,,R728**2-R726**2,ois
729,746,0.0953,0.012830000000000001,,R746**2-R729**2,ois
730,746,0.6384,0.06713999999999999,,R746**2-R730**2,ois
731,746,0.0527,0.008570000000000001,,R746**2-R731**2,ois
732,746,0.5337,0.05667,,R746**2-R732**2,ois
733,746,0.0622,0.00952,,R746**2-R733**2,ois
734,746,0.4643,0.049729999999999996,,R746**2-R734**2,ois
735,746,0.4324,0.04654,,R746**2-R735**2,ois
736,746,0.3944,0.04274,,R746**2-R736**2,ois
737,746,0.3793,0.04123,,R746**2-R737**2,ois
738,746,0.3188,0.035179999999999996,,R746**2-R738**2,ois
739,746,0.3041,0.03371,,R746**2-R739**2,ois
740,746,0.2405,0.027350000000000003,,R746**2-R740**2,ois
741,746,0.234,0.026700000000000005,,R746**2-R741**2,ois
742,746,0.1607,0.019370000000000002,,R746**2-R742**2,ois
743,746,0.1234,0.01564,,R746**2-R743**2,ois
744,746,0.0809,0.01139,,R746**2-R744**2,ois
745,746,0.0532,0.00862,,R746**2-R745**2,ois
746,747,0.0119,0.00449,,R747**2-R746**2,ois
746,748,0.0935,0.012650000000000002,,R748**2-R746**2,ois
746,749,0.1245,0.01575,,R749**2-R746**2,ois
746,750,0.197,0.023000000000000003,,R750**2-R746**2,ois
746,751,0.2288,0.026180000000000002,,R751**2-R746**2,ois
746,752,0.2988,0.03318,,R752**2-R746**2,ois
746,753,0.3333,0.036629999999999996,,R753**2-R746**2,ois
746,754,0.3987,0.04317,,R754**2-R746**2,ois
755,770,0.677,0.081,,R770**2-R755**2,ois
756,770,0.627,0.066,,R770**2-R756**2,ois
757,770,0.603,0.072,,R770**2-R757**2,ois
758,770,0.55,0.055,,R770**2-R758**2,ois
759,770,0.531,0.063,,R770**2-R759**2,ois
760,770,0.462,0.049,,R770**2-R760**2,ois
761,770,0.459,0.055,,R770**2-R761**2,ois
762,770,0.394,0.041,,R770**2-R762**2,ois
763,770,0.386,0.04,,R770**2-R763**2,ois
764,770,0.298,0.029,,R770**2-R764**2,ois
765,770,0.285,0.027,,R770**2-R765**2,ois
766,770,0.199,0.023,,R770**2-R766**2,ois
767,770,0.175,0.014,,R770**2-R767**2,ois
768,770,0.099,0.012,,R770**2-R768**2,ois
770,771,0.1,0.012,,R771**2-R770**2,ois
771,772,0.099,0.015,,R772**2-R771**2,ois
767,769,0.12256786509442143,0.041377950043855305,,R769**2-R767**2,ois
768,769,0.040660313514145265,0.012953471786113363,,R769**2-R768**2,ois
773,799,1.299,0.025,,R799**2-R773**2,ois
774,799,1.215,0.013,,R799**2-R774**2,ois
775,799,1.15,0.013,,R799**2-R775**2,ois
776,799,1.093,0.013,,R799**2-R776**2,ois
777,799,1.048,0.01,,R799**2-R777**2,ois
778,799,0.993,0.01,,R799**2-R778**2,ois
779,799,0.93,0.01,,R799**2-R779**2,ois
780,799,0.89,0.01,,R799**2-R780**2,ois
781,799,0.839,0.01,,R799**2-R781**2,ois
781,799,0.838,0.02138,,R799**2-R781**2,ois
782,799,0.831,0.02131,,R799**2-R782**2,ois
783,799,0.758,0.02058,,R799**2-R783**2,ois
784,799,0.747,0.01647,,R799**2-R784**2,ois
785,799,0.683,0.01783,,R799**2-R785**2,ois
786,797,0.546,0.0666,,R797**2-R786**2,ois
787,799,0.606,0.02206,,R799**2-R787**2,ois
788,799,0.604,0.02204,,R799**2-R788**2,ois
789,799,0.521,0.019209999999999998,,R799**2-R789**2,ois
790,799,0.516,0.01916,,R799**2-R790**2,ois
791,799,0.429,0.01629,,R799**2-R791**2,ois
792,799,0.409,0.01509,,R799**2-R792**2,ois
793,799,0.328,0.012280000000000001,,R799**2-R793**2,ois
794,799,0.305,0.01205,,R799**2-R794**2,ois
795,799,0.223,0.00923,,R799**2-R795**2,ois
796,799,0.197,0.00797,,R799**2-R796**2,ois
797,799,0.118,0.005180000000000001,,R799**2-R797**2,ois
798,799,0.074,0.0037400000000000003,,R799**2-R798**2,ois
799,800,0.096,0.00396,,R800**2-R799**2,ois
799,801,0.211,0.00811,,R801**2-R799**2,ois
799,802,0.299,0.01199,,R802**2-R799**2,ois
799,803,0.414,0.016139999999999998,,R803**2-R799**2,ois
799,804,0.61,0.023100000000000002,,R804**2-R799**2,ois
806,812,0.379,0.033530000000000004,,R812**2-R806**2,ois
807,812,0.3,0.024,,R812**2-R807**2,ois
808,812,0.206,0.01642,,R812**2-R808**2,ois
809,812,0.185,0.01895,,R812**2-R809**2,ois
810,812,0.104,0.00828,,R812**2-R810**2,ois
811,812,0.078,0.01046,,R812**2-R811**2,ois
812,813,0.044,0.00708,,R813**2-R812**2,ois
812,814,0.118,0.01126,,R814**2-R812**2,ois
815,824,0.4382,0.044219999999999995,,R824**2-R815**2,ois
816,824,0.386,0.038900000000000004,,R824**2-R816**2,ois
817,824,0.3849,0.038790000000000005,,R824**2-R817**2,ois
818,824,0.3058,0.030880000000000005,,R824**2-R818**2,ois
819,824,0.2926,0.029460000000000004,,R824**2-R819**2,ois
820,824,0.2125,0.02145,,R824**2-R820**2,ois
821,824,0.1917,0.019270000000000002,,R824**2-R821**2,ois
822,824,0.1143,0.01153,,R824**2-R822**2,ois
823,824,0.0735,0.00745,,R824**2-R823**2,ois
824,825,0.7,0.0703,,R825**2-R824**2,ois
824,826,0.8212,0.08242000000000001,,R826**2-R824**2,ois
824,827,0.9151,0.09181,,R827**2-R824**2,ois
824,828,1.032,0.10360000000000001,,R828**2-R824**2,ois
824,829,1.1236,0.11276,,R829**2-R824**2,ois
830,835,0.21794,0.004518800000000001,,R835**2-R830**2,ois
831,835,0.20804,0.0042808,,R835**2-R831**2,ois
832,835,0.13043,0.0026886,,R835**2-R832**2,ois
833,835,0.10831,0.0022462000000000003,,R835**2-R833**2,ois
834,835,0.03757,0.0008314,,R835**2-R834**2,ois
835,836,0.06829,0.0014458000000000001,,R836**2-R835**2,ois
835,837,0.86725,0.017795,,R837**2-R835**2,ois
835,838,0.98269,0.0199838,,R838**2-R835**2,ois
835,839,1.09543,0.022028599999999995,,R839**2-R835**2,ois
835,840,1.16507,0.0233814,,R840**2-R835**2,ois
835,841,1.28937,0.0258674,,R841**2-R835**2,ois
835,842,1.34862,0.027192400000000002,,R842**2-R835**2,ois
835,843,1.437,0.028820000000000002,,R843**2-R835**2,ois
835,844,1.60249,0.0321298,,R844**2-R835**2,ois
835,845,1.67522,0.033704399999999995,,R845**2-R835**2,ois
846,852,0.256,0.0526,,R852**2-R846**2,ois
847,852,0.253,0.050300000000000004,,R852**2-R847**2,ois
848,852,0.182,0.0372,,R852**2-R848**2,ois
849,852,0.168,0.033800000000000004,,R852**2-R849**2,ois
850,852,0.099,0.0199,,R852**2-R850**2,ois
851,852,0.066,0.013600000000000001,,R852**2-R851**2,ois
852,853,0.679,0.13690000000000002,,R853**2-R852**2,ois
852,854,0.805,0.16250000000000003,,R854**2-R852**2,ois
852,855,0.894,0.1804,,R855**2-R852**2,ois
852,856,1.007,0.2027,,R856**2-R852**2,ois
852,857,1.09,0.21900000000000003,,R857**2-R852**2,ois
852,858,1.208,0.24280000000000002,,R858**2-R852**2,ois
852,859,1.277,0.25670000000000004,,R859**2-R852**2,ois
852,860,1.356,0.27360000000000007,,R860**2-R852**2,ois
852,861,1.459,0.2939,,R861**2-R852**2,ois
852,862,1.556,0.3136,,R862**2-R852**2,ois
852,863,1.667,0.3357,,R863**2-R852**2,ois
852,864,1.854,0.3734,,R864**2-R852**2,ois
865,869,0.508,0.12384467891609519,,R869**2-R865**2,ois
866,869,0.413,0.09979857430202252,,R869**2-R866**2,ois
867,869,0.334,0.08160724129630953,,R869**2-R867**2,ois
868,869,0.205,0.04972110602646432,,R869**2-R868**2,ois
870,874,0.41933948487922856,0.08050817405015784,,R874**2-R870**2,ois
871,874,0.3198830571651624,0.06177315463542152,,R874**2-R871**2,ois
872,874,0.2707047544566249,0.051701904727204775,,R874**2-R872**2,ois
873,874,0.16056879678614894,0.03094434247887903,,R874**2-R873**2,ois
875,876,0.07297093468450103,0.021668367575492772,,R876**2-R875**2,ois
875,877,0.1859353958425466,0.05007046575946669,,R877**2-R875**2,ois
876,877,0.11223476532093413,0.030615854370419224,,R877**2-R876**2,ois
877,878,0.05131585283953553,0.01671687779163967,,R878**2-R877**2,ois
877,879,0.1356303125130003,0.03544066122639696,,R879**2-R877**2,ois
879,880,0.1403213996857428,0.039464511179739634,,R880**2-R879**2,ois
881,882,0.13930999338154673,0.029136523764866813,,R882**2-R881**2,ois
883,884,0.1665216749772859,0.07464961747631008,,R884**2-R883**2,ois
884,885,0.05259349329993925,0.016533141243916066,,R885**2-R884**2,ois
884,886,0.15363680491851237,0.038774059537401095,,R886**2-R884**2,ois
884,887,0.2991443356176754,0.07707368612297091,,R887**2-R884**2,ois
