Z,A,R,DR,Ref.,Remarks,Type,connect_abs_idxs,connect_rel_idxs
2,3,1.9449423976305757,0.01299041681782705,Re84b,"Contains  Co65, MC70, MC77, Sz77, Du83",el-scatt.,"4,3,1,2,0,6,5",94
2,4,1.6756098485556148,0.0027795888141327707,Si82,"Re-anal. of Fr66a, Fr67, Er68, MC77, Ar78",el-scatt.,"4,3,1,2,0,6,5",94
3,6,2.5385308853660824,0.028640669710875893,Su67,,el-scatt.,"10,7,8,9,11","95,96"
3,7,2.4279117142764095,0.03141539193602142,Su67,,el-scatt.,"10,7,8,9,11","95,96"
4,9,2.517992356478199,0.011863458076337827,Ja72,,el-scatt.,"14,12,13",
5,10,2.427692307692535,0.049923017661562756,Do86,Preliminary,el-scatt.,"15,16",
5,11,2.4059566695685346,0.029418975779208312,Ri71,From  Vr87,el-scatt.,"19,17,18",
6,12,2.4703112114336334,0.0025999322442878557,Si82,"Re-analysis of  Si70a, Ja72, Ca80a, Re82",el-scatt.,"23,28,30,27,35,34,22,26,20,36,21,25,24,31,29","182,3,99,1,97,181,98,0"
6,13,2.4613411951267397,0.003471669557763518,He70a,,el-scatt.,"23,28,30,27,35,34,22,26,20,36,21,25,24,31,29","182,3,99,1,97,181,98,0"
6,14,2.4960363256550577,0.009216750370770719,Kl73,,el-scatt.,"23,28,30,27,35,34,22,26,20,36,21,25,24,31,29","182,3,99,1,97,181,98,0"
7,14,2.5564517447015342,0.0076461958803127296,Sc75,,el-scatt.,"23,30,35,34,22,20,36,33,32,21,31,29","3,0,1,100"
7,15,2.605181272160863,0.008092440457845513,Sc75,,el-scatt.,"23,30,35,34,22,20,36,33,32,21,31,29","3,0,1,100"
8,16,2.7020351656534154,0.005276329130228344,Si80a,"From  Ba80(mu-Xray): ""Priv. comm. I.Sick""",el-scatt.,"23,43,37,41,20,46,38,44,34,40,47,29,39,30,35,22,45,42,21,36,31","183,103,3,105,7,1,102,0,106,184,101,6,104,5"
8,17,2.6957289731724794,0.007519864688090552,Si70a,,el-scatt.,"23,43,37,41,20,46,38,44,34,40,47,29,39,30,35,22,45,42,21,36,31","183,103,3,105,7,1,102,0,106,184,101,6,104,5"
8,18,2.7751803874997654,0.0053907528900569435,Si70a,,el-scatt.,"23,43,37,41,20,46,38,44,34,40,47,29,39,30,35,22,45,42,21,36,31","183,103,3,105,7,1,102,0,106,184,101,6,104,5"
9,19,2.8975241209223586,0.0024644563414460197,Ha73b,,el-scatt.,"42,39,46,43,41,44,45,40,47","6,7,5"
10,20,3.005280746157738,0.0021512561417321393,Kn81,,el-scatt.,"52,47,50,42,43,51,48,54,46,39,41,44,49,45,40,53","10,7,8,185,9,187,186,6,107,5,108"
10,21,2.9671480194179343,0.0025244140803684723,Fr92,Re-analysed in Fr95,mu-Xray,"52,47,50,42,43,51,48,54,46,39,41,44,49,45,40,53","10,7,8,185,9,187,186,6,107,5,108"
10,22,2.9540875716545143,0.0018860269102994867,Mo71,,el-scatt.,"52,47,50,42,43,51,48,54,46,39,41,44,49,45,40,53","10,7,8,185,9,187,186,6,107,5,108"
11,23,2.9936796964177588,0.0019856512000435986,Sc78,Contains  Du76.     Mod+Syst+Nuclp =.001,mu-Xray,"52,50,51,54,49,53","10,8,9"
12,24,3.0569920448213423,0.0015822427431928623,Av74,From Vr87.,el-scatt.,"57,52,50,59,51,54,56,63,58,64,49,60,61,53,55,62","10,111,11,8,13,190,110,9,12,188,109,189"
12,25,3.028417395315635,0.0018804908114501506,Eu77a,,el-scatt.,"57,52,50,59,51,54,56,63,58,64,49,60,61,53,55,62","10,111,11,8,13,190,110,9,12,188,109,189"
12,26,3.033779750982443,0.0016965070805652171,So88,F-B anal. in Fr95 Table IX.,el-scatt.,"57,52,50,59,51,54,56,63,58,64,49,60,61,53,55,62","10,111,11,8,13,190,110,9,12,188,109,189"
13,27,3.0614455483820877,0.0028112343441270495,Ro86,From Vr87.      Error: 2x0.002  for syst.,el-scatt.,"57,59,63,58,64,60,61,62","13,12,11"
14,28,3.122376733366223,0.0023120774242182075,Mi82,From Vr87 Table IV.,el-scatt.,"57,70,59,69,67,63,65,68,66,58,64,60,61,62","191,193,192,113,13,112,12,11"
14,29,3.1171827596610333,0.004214548646365678,Br77,Two independent experiments!,el-scatt.,"57,70,59,69,67,63,65,68,66,58,64,60,61,62","191,193,192,113,13,112,12,11"
14,30,3.133689262071613,0.004451147351311055,Mi82,From Vr87 Table IV.,el-scatt.,"57,70,59,69,67,63,65,68,66,58,64,60,61,62","191,193,192,113,13,112,12,11"
15,31,3.1886983212761226,0.0019171556876345457,Mi82,"From Vr87.   Contains  Si72, Me73a, Me76",el-scatt.,"73,77,75,71,79,74,76,78,72",15
16,32,3.260931004229972,0.0018224248751530243,Me76,From Vr87.    Contains  Li74,el-scatt.,"82,88,73,77,75,81,71,87,79,74,89,83,80,76,78,72","195,194,15,116,115,16,114,196"
16,34,3.2843245014316675,0.001846792030611091,Ry83a,Errors: .004 (stat.) + .009 (syst.),el-scatt.,"82,88,73,77,75,81,71,87,79,74,89,83,80,76,78,72","195,194,15,116,115,16,114,196"
16,36,3.298579948637401,0.001996833220664959,Ry83a,Errors: .006 (stat.) + .005 (syst.),el-scatt.,"82,88,73,77,75,81,71,87,79,74,89,83,80,76,78,72","195,194,15,116,115,16,114,196"
17,35,3.3653703099510897,0.01906400611735896,Br80,,el-scatt.,"84,85",
17,37,3.384,0.017000000000072818,Br80,,el-scatt.,86,
18,36,3.390554869739939,0.002133644895167437,Fi76,Error: 1.5x0.015  for syst/model.,el-scatt.,"88,81,93,87,91,94,92,90,89,80","198,16,197"
18,38,3.4023376785139323,0.0020009520313699794,Pf76,Contains  Pf73.,mu-Xray,"88,81,93,87,91,94,92,90,89,80","198,16,197"
18,40,3.4273916289037962,0.002069913361843238,Ot82,"Contains  Gr71, Sc71, We74, Fi76",el-scatt.,"88,81,93,87,91,94,92,90,89,80","198,16,197"
19,39,3.4347481272399487,0.0017857905406246533,Si73a,,el-scatt.,"95,99,102,97,100,98,101,96","19,17,199"
19,41,3.4518733711946643,0.002632561173405219,Wo81,From Fr95 Table III.A.      Error estimated,mu-Xray,"95,99,102,97,100,98,101,96","19,17,199"
20,40,3.4788800253213936,0.0012303311201063017,Si79,Data: Private communication,el-scatt.,"119,125,126,98,109,104,111,116,97,112,107,120,99,102,118,115,106,101,117,96,103,105,95,100,114,108","23,207,119,17,203,20,19,200,28,27,24,120,29,206,118,208,22,205,204,201,117,21,26,25"
20,42,3.508437558139977,0.0012824496660085215,Wo81,,,"119,125,126,98,109,104,111,116,97,112,107,120,99,102,118,115,106,101,117,96,103,105,95,100,114,108","23,207,119,17,203,20,19,200,28,27,24,120,29,206,118,208,22,205,204,201,117,21,26,25"
20,43,3.4946117239510506,0.0015772611650424569,Wo81,,,"119,125,126,98,109,104,111,116,97,112,107,120,99,102,118,115,106,101,117,96,103,105,95,100,114,108","23,207,119,17,203,20,19,200,28,27,24,120,29,206,118,208,22,205,204,201,117,21,26,25"
20,44,3.5176215002157813,0.0013249026215456535,Wo81,,,"119,125,126,98,109,104,111,116,97,112,107,120,99,102,118,115,106,101,117,96,103,105,95,100,114,108","23,207,119,17,203,20,19,200,28,27,24,120,29,206,118,208,22,205,204,201,117,21,26,25"
20,46,3.4976489263002133,0.0027089466675339568,Wo81,,,"119,125,126,98,109,104,111,116,97,112,107,120,99,102,118,115,106,101,117,96,103,105,95,100,114,108","23,207,119,17,203,20,19,200,28,27,24,120,29,206,118,208,22,205,204,201,117,21,26,25"
20,48,3.4773194418744526,0.0017065134735211394,Em83,Contains  Em83a.,el-scatt.,"119,125,126,98,109,104,111,116,97,112,107,120,99,102,118,115,106,101,117,96,103,105,95,100,114,108","23,207,119,17,203,20,19,200,28,27,24,120,29,206,118,208,22,205,204,201,117,21,26,25"
21,45,3.545949673017303,0.002442952904940443,Fr82,From Fr95 Table III.A.      Error estimated,mu-Xray,"109,104,108","22,20,21"
22,46,3.606147625529645,0.0014109319321430086,Wo81,From Fr95 Table III.A.      Error estimated,mu-Xray,"119,125,126,110,109,104,111,113,116,112,107,120,118,115,106,117,105,114,108","23,128,124,125,126,20,214,122,123,127,28,27,24,121,29,212,211,209,22,213,210,21,26,25"
22,47,3.5955199907414217,0.0016665196490025132,Wo81,From Fr95 Table III.A.      Error estimated,mu-Xray,"119,125,126,110,109,104,111,113,116,112,107,120,118,115,106,117,105,114,108","23,128,124,125,126,20,214,122,123,127,28,27,24,121,29,212,211,209,22,213,210,21,26,25"
22,48,3.5923347369950194,0.0013065089678561126,He71,From  Se88.                   Error estimated.,el-scatt.,"119,125,126,110,109,104,111,113,116,112,107,120,118,115,106,117,105,114,108","23,128,124,125,126,20,214,122,123,127,28,27,24,121,29,212,211,209,22,213,210,21,26,25"
22,49,3.5741001941431763,0.001644113642410494,Wo81,From Fr95 Table III.A.      Error estimated,mu-Xray,"119,125,126,110,109,104,111,113,116,112,107,120,118,115,106,117,105,114,108","23,128,124,125,126,20,214,122,123,127,28,27,24,121,29,212,211,209,22,213,210,21,26,25"
22,50,3.5716885936657237,0.0013861678318094948,Wo81,From Fr95 Table III.A.      Error estimated,mu-Xray,"119,125,126,110,109,104,111,113,116,112,107,120,118,115,106,117,105,114,108","23,128,124,125,126,20,214,122,123,127,28,27,24,121,29,212,211,209,22,213,210,21,26,25"
23,51,3.600236049607497,0.002129225480362882,Wo81,From Fr95 Table III.A.      Error estimated,mu-Xray,"119,125,126,118,115,106,114,107,120","28,27,26,25,29"
24,50,3.660551979392349,0.0016965685388230722,La76,From Vr87 ,el-scatt.,"137,138,124,128,125,119,136,126,122,123,111,127,116,112,107,120,121,139,118,115,135,106,117,105,129,114","23,131,215,217,28,27,134,24,130,29,218,133,30,216,32,33,129,26,25,132,31"
24,52,3.6414936509574156,0.0013725511177907642,Li76,,el-scatt.,"137,138,124,128,125,119,136,126,122,123,111,127,116,112,107,120,121,139,118,115,135,106,117,105,129,114","23,131,215,217,28,27,134,24,130,29,218,133,30,216,32,33,129,26,25,132,31"
24,53,3.6587694822694226,0.0015758046706567362,Wo81,From Fr95 Table III.A.      Error estimated,mu-Xray,"137,138,124,128,125,119,136,126,122,123,111,127,116,112,107,120,121,139,118,115,135,106,117,105,129,114","23,131,215,217,28,27,134,24,130,29,218,133,30,216,32,33,129,26,25,132,31"
24,54,3.686895188834286,0.0014178856502787324,La76,From Vr87 ,el-scatt.,"137,138,124,128,125,119,136,126,122,123,111,127,116,112,107,120,121,139,118,115,135,106,117,105,129,114","23,131,215,217,28,27,134,24,130,29,218,133,30,216,32,33,129,26,25,132,31"
25,55,3.705736827699933,0.0021464136615237882,Wo81,From Fr95 Table III.A.      Error estimated,mu-Xray,"137,138,124,128,139,127,136,129,135,122,123","33,31,32,30"
26,54,3.692856705000378,0.0014225963665566647,La76,From Vr87 ,el-scatt.,"137,119,138,125,124,128,136,126,131,122,123,142,143,127,134,107,120,130,139,133,118,115,135,106,141,140,129,114,132","220,136,37,28,30,35,219,135,34,36,27,26,32,25,33,221,31,29"
26,56,3.7369255016657292,0.0012487415981200078,La76,From Vr87 ,el-scatt.,"137,119,138,125,124,128,136,126,131,122,123,142,143,127,134,107,120,130,139,133,118,115,135,106,141,140,129,114,132","220,136,37,28,30,35,219,135,34,36,27,26,32,25,33,221,31,29"
26,57,3.7533782054965816,0.001659222441601418,Sh76,From Fr95 Table III.A.      Error estimated,mu-Xray,"137,119,138,125,124,128,136,126,131,122,123,142,143,127,134,107,120,130,139,133,118,115,135,106,141,140,129,114,132","220,136,37,28,30,35,219,135,34,36,27,26,32,25,33,221,31,29"
26,58,3.774687300562917,0.001335171236440611,Wo76,,el-scatt.,"137,119,138,125,124,128,136,126,131,122,123,142,143,127,134,107,120,130,139,133,118,115,135,106,141,140,129,114,132","220,136,37,28,30,35,219,135,34,36,27,26,32,25,33,221,31,29"
27,59,3.78747426540355,0.0020698478044518962,Sc79,,el-scatt.,"143,140,133,132,134,131,141,142","35,34,37,36"
28,58,3.7744035646271463,0.001182920808226951,Sp79,Re-analysis of  Si75  ,el-scatt.,"146,137,138,124,128,136,151,157,131,122,147,123,142,143,127,134,150,153,149,159,144,139,133,148,156,135,154,141,160,158,140,129,155,145,132,152","137,138,43,37,41,142,143,223,38,44,34,222,40,39,139,30,35,32,33,225,141,42,140,36,224,31"
28,60,3.811747140807934,0.0011157394503924145,Fi74a,From Ja74.     Contains  Fi70 ,el-scatt.,"146,137,138,124,128,136,151,157,131,122,147,123,142,143,127,134,150,153,149,159,144,139,133,148,156,135,154,141,160,158,140,129,155,145,132,152","137,138,43,37,41,142,143,223,38,44,34,222,40,39,139,30,35,32,33,225,141,42,140,36,224,31"
28,61,3.8225719298945084,0.001521278887428802,Fi74a,From Ja74.     Contains  Fi70 ,el-scatt.,"146,137,138,124,128,136,151,157,131,122,147,123,142,143,127,134,150,153,149,159,144,139,133,148,156,135,154,141,160,158,140,129,155,145,132,152","137,138,43,37,41,142,143,223,38,44,34,222,40,39,139,30,35,32,33,225,141,42,140,36,224,31"
28,62,3.8407424993757,0.0011729638199191015,Fi74a,From Ja74.     Contains  Fi70 ,el-scatt.,"146,137,138,124,128,136,151,157,131,122,147,123,142,143,127,134,150,153,149,159,144,139,133,148,156,135,154,141,160,158,140,129,155,145,132,152","137,138,43,37,41,142,143,223,38,44,34,222,40,39,139,30,35,32,33,225,141,42,140,36,224,31"
28,64,3.858958584923096,0.001267579746991132,Fi74a,From Ja74.     Contains  Fi70 ,el-scatt.,"146,137,138,124,128,136,151,157,131,122,147,123,142,143,127,134,150,153,149,159,144,139,133,148,156,135,154,141,160,158,140,129,155,145,132,152","137,138,43,37,41,142,143,223,38,44,34,222,40,39,139,30,35,32,33,225,141,42,140,36,224,31"
29,63,3.8820039696014472,0.0016938973460601712,Ke77,From Vr87,el-scatt.,"160,146,158,155,148,156,151,154,157,150,152,153,149,147,159","144,42,43,226,39,41,44,38,40"
29,65,3.901865289679937,0.00165510165301483,Sc79,,el-scatt.,"160,146,158,155,148,156,151,154,157,150,152,153,149,147,159","144,42,43,226,39,41,44,38,40"
30,64,3.928970303706924,0.0015223360535093404,Ke77,From Vr87,el-scatt.,"146,166,151,157,147,163,162,150,153,149,159,148,164,156,154,165,160,158,155,161,168,152,169","146,43,227,41,151,147,46,38,44,229,40,150,149,39,148,45,42,145,228,152"
30,66,3.9499640657508976,0.001359115889484336,Ke77,From Vr87,el-scatt.,"146,166,151,157,147,163,162,150,153,149,159,148,164,156,154,165,160,158,155,161,168,152,169","146,43,227,41,151,147,46,38,44,229,40,150,149,39,148,45,42,145,228,152"
30,68,3.9663721776177288,0.0013241191813202085,Ke77,From Vr87,el-scatt.,"146,166,151,157,147,163,162,150,153,149,159,148,164,156,154,165,160,158,155,161,168,152,169","146,43,227,41,151,147,46,38,44,229,40,150,149,39,148,45,42,145,228,152"
30,70,3.9843079381960895,0.0018376266961395884,Ke77,From Vr87,el-scatt.,"146,166,151,157,147,163,162,150,153,149,159,148,164,156,154,165,160,158,155,161,168,152,169","146,43,227,41,151,147,46,38,44,229,40,150,149,39,148,45,42,145,228,152"
31,69,3.997297318058135,0.0017429965227228016,Ma83,From Fr95 Table III.A.      Error estimated,mu-Xray,"167,163,162,161,166,168,169","230,45,46"
31,71,4.011829555747573,0.0018216076106990805,Ma83,From Fr95 Table III.A.      Error estimated,mu-Xray,"167,163,162,161,166,168,169","230,45,46"
32,70,4.04092813802148,0.000997059109179232,Ma84,,,"170,174,163,162,180,177,171,173,161,179,175,166,172,168,176,169","233,46,232,48,231,155,234,156,154,45,153,47"
32,72,4.057188494149249,0.000942525280936642,Ma84,,,"170,174,163,162,180,177,171,173,161,179,175,166,172,168,176,169","233,46,232,48,231,155,234,156,154,45,153,47"
32,73,4.063186754579737,0.001238815145213663,Si82a,From Fr95 Table III.A.      Error estimated,mu-Xray,"170,174,163,162,180,177,171,173,161,179,175,166,172,168,176,169","233,46,232,48,231,155,234,156,154,45,153,47"
32,74,4.074259050520803,0.0009419413997538837,Ma84,,,"170,174,163,162,180,177,171,173,161,179,175,166,172,168,176,169","233,46,232,48,231,155,234,156,154,45,153,47"
32,76,4.081271845633597,0.0010660733614776155,Ma84,,,"170,174,163,162,180,177,171,173,161,179,175,166,172,168,176,169","233,46,232,48,231,155,234,156,154,45,153,47"
33,75,4.096751282733709,0.001962098277565342,Ma83,From Fr95 Table III.A.      Error estimated,mu-Xray,"174,180,177,173,179","48,47"
34,74,4.07,0.020000000000647875,Kh88,,el-scatt.,178,
34,76,4.139458125147213,0.0013582878334245376,Kh88,,el-scatt.,"183,174,193,182,180,177,173,190,187,181,186,184,188,185,189,179","47,235,237,50,51,48,49,236,238"
34,77,4.139491233824765,0.00160475493534884,Si82b,From Fr95 Table III.A.      Error estimated,mu-Xray,"183,174,193,182,180,177,173,190,187,181,186,184,188,185,189,179","47,235,237,50,51,48,49,236,238"
34,78,4.1408247715921345,0.0012852689787907078,Kh88,,el-scatt.,"183,174,193,182,180,177,173,190,187,181,186,184,188,185,189,179","47,235,237,50,51,48,49,236,238"
34,80,4.140425749985646,0.0012984954130203549,Kh88,,el-scatt.,"183,174,193,182,180,177,173,190,187,181,186,184,188,185,189,179","47,235,237,50,51,48,49,236,238"
34,82,4.140426382196108,0.0015407066475425426,Kh88,,el-scatt.,"183,174,193,182,180,177,173,190,187,181,186,184,188,185,189,179","47,235,237,50,51,48,49,236,238"
35,79,4.163090865429098,0.0017356813333004766,Ma83,From Fr95 Table III.A.      Error estimated,mu-Xray,"183,193,182,190,186,184,185,189","51,50,49,239"
35,81,4.160096829052332,0.001692107152416005,Ma83,From Fr95 Table III.A.      Error estimated,mu-Xray,"183,193,182,190,186,184,185,189","51,50,49,239"
36,78,4.203329522502478,0.0017598783797267196,Ma85,,,"198,191,193,192,194,195,207,202,206,190,203,216,205,186,184,204,185,196","57,244,242,52,50,51,54,243,56,240,241,53,55"
36,80,4.1978160275250085,0.0014949202000482836,Ma85,,,"198,191,193,192,194,195,207,202,206,190,203,216,205,186,184,204,185,196","57,244,242,52,50,51,54,243,56,240,241,53,55"
36,82,4.1923631565698605,0.001274957256138173,Ma85,,,"198,191,193,192,194,195,207,202,206,190,203,216,205,186,184,204,185,196","57,244,242,52,50,51,54,243,56,240,241,53,55"
36,83,4.186038154730981,0.0015251137067039079,Ma85,,,"198,191,193,192,194,195,207,202,206,190,203,216,205,186,184,204,185,196","57,244,242,52,50,51,54,243,56,240,241,53,55"
36,84,4.18846444571984,0.0013076756842112132,Ma85,,,"198,191,193,192,194,195,207,202,206,190,203,216,205,186,184,204,185,196","57,244,242,52,50,51,54,243,56,240,241,53,55"
36,86,4.184114480455623,0.001337165112334141,Ma85,,,"198,191,193,192,194,195,207,202,206,190,203,216,205,186,184,204,185,196","57,244,242,52,50,51,54,243,56,240,241,53,55"
37,85,4.203847675438668,0.001936207910481733,He86,From Fr95 Table III.A.      Error estimated,mu-Xray,"198,207,202,206,203,216,205,197,204,196","57,52,54,56,245,53,55"
37,87,4.1988452287251805,0.001869077223239148,He86,From Fr95 Table III.A.      Error estimated,mu-Xray,"198,207,202,206,203,216,205,197,204,196","57,52,54,56,245,53,55"
38,84,4.241210036663538,0.001589310001388033,He86,,,"198,207,202,206,199,203,216,205,200,204,201,196","57,247,52,54,248,56,246,53,55"
38,86,4.230683921039789,0.0013994174049835365,He86,,,"198,207,202,206,199,203,216,205,200,204,201,196","57,247,52,54,248,56,246,53,55"
38,87,4.22375188588381,0.0015836777636442899,He86,,,"198,207,202,206,199,203,216,205,200,204,201,196","57,247,52,54,248,56,246,53,55"
38,88,4.22348583829064,0.0013550791916346944,St76,From Vr87,el-scatt.,"198,207,202,206,199,203,216,205,200,204,201,196","57,247,52,54,248,56,246,53,55"
39,89,4.242081738690777,0.0019601413698979715,Fi74,From  Ja74,el-scatt.,"198,207,202,206,203,216,205,204,196","57,52,54,56,53,55"
40,90,4.269751312313034,0.000874115390256025,Ma89,,,"198,207,202,206,212,211,217,209,210,208,203,216,205,214,204,213,215,196","57,249,52,158,59,54,250,56,251,58,157,252,53,55"
40,91,4.284716730584668,0.001016505980758408,He86,From Fr95 Table III.A.      Error estimated,mu-Xray,"198,207,202,206,212,211,217,209,210,208,203,216,205,214,204,213,215,196","57,249,52,158,59,54,250,56,251,58,157,252,53,55"
40,92,4.30561354705896,0.0008432795775899255,Ma89,,,"198,207,202,206,212,211,217,209,210,208,203,216,205,214,204,213,215,196","57,249,52,158,59,54,250,56,251,58,157,252,53,55"
40,94,4.330995337828047,0.0009298061608626092,Ma89,,,"198,207,202,206,212,211,217,209,210,208,203,216,205,214,204,213,215,196","57,249,52,158,59,54,250,56,251,58,157,252,53,55"
40,96,4.349827694884755,0.0010810268783268066,Ma89,,,"198,207,202,206,212,211,217,209,210,208,203,216,205,214,204,213,215,196","57,249,52,158,59,54,250,56,251,58,157,252,53,55"
41,93,4.323977526317518,0.0016994112048222642,Ja76,From  Ja74,el-scatt.,"217,210,214,213,215","58,59"
42,92,4.316383999523906,0.0010000224555159712,Ma89,,,"207,203,219,214,215,221,198,233,217,222,196,202,206,232,218,216,205,204,213,230,220,210,228","52,259,54,255,254,60,62,260,162,59,253,256,258,159,55,57,56,58,160,257,161,61,53"
42,94,4.352338837204665,0.0008710879263744845,Ma89,,,"207,203,219,214,215,221,198,233,217,222,196,202,206,232,218,216,205,204,213,230,220,210,228","52,259,54,255,254,60,62,260,162,59,253,256,258,159,55,57,56,58,160,257,161,61,53"
42,95,4.362370010579098,0.0010354885601695138,Ma89,,,"207,203,219,214,215,221,198,233,217,222,196,202,206,232,218,216,205,204,213,230,220,210,228","52,259,54,255,254,60,62,260,162,59,253,256,258,159,55,57,56,58,160,257,161,61,53"
42,96,4.3839067550792326,0.0008604652383350102,Ma89,,,"207,203,219,214,215,221,198,233,217,222,196,202,206,232,218,216,205,204,213,230,220,210,228","52,259,54,255,254,60,62,260,162,59,253,256,258,159,55,57,56,58,160,257,161,61,53"
42,97,4.387078562417419,0.0010886146971130157,Ma89,,,"207,203,219,214,215,221,198,233,217,222,196,202,206,232,218,216,205,204,213,230,220,210,228","52,259,54,255,254,60,62,260,162,59,253,256,258,159,55,57,56,58,160,257,161,61,53"
42,98,4.408339605832111,0.0009404305711242866,Ma89,,,"207,203,219,214,215,221,198,233,217,222,196,202,206,232,218,216,205,204,213,230,220,210,228","52,259,54,255,254,60,62,260,162,59,253,256,258,159,55,57,56,58,160,257,161,61,53"
42,100,4.445428292558961,0.0010763144536656782,Ma89,,,"207,203,219,214,215,221,198,233,217,222,196,202,206,232,218,216,205,204,213,230,220,210,228","52,259,54,255,254,60,62,260,162,59,253,256,258,159,55,57,56,58,160,257,161,61,53"
44,96,4.392494287589013,0.001698502381835659,Ha89,From Fr95 Table III.A.      Error estimated,mu-Xray,"230,233,223,226,232,227,228,222,229,225,224","263,264,261,262,62,266,265,61,60"
44,98,4.423252539985123,0.0015568993581853681,Ha89,From Fr95 Table III.A.      Error estimated,mu-Xray,"230,233,223,226,232,227,228,222,229,225,224","263,264,261,262,62,266,265,61,60"
44,99,4.434968819780773,0.001682352909497332,Ha89,From Fr95 Table III.A.      Error estimated,mu-Xray,"230,233,223,226,232,227,228,222,229,225,224","263,264,261,262,62,266,265,61,60"
44,100,4.453702371289892,0.0014743670520587814,Ha89,From Fr95 Table III.A.      Error estimated,mu-Xray,"230,233,223,226,232,227,228,222,229,225,224","263,264,261,262,62,266,265,61,60"
44,101,4.461774917664418,0.001728579069905645,Ha89,From Fr95 Table III.A.      Error estimated,mu-Xray,"230,233,223,226,232,227,228,222,229,225,224","263,264,261,262,62,266,265,61,60"
44,102,4.481729586077023,0.001432739833182172,Ha89,From Fr95 Table III.A.      Error estimated,mu-Xray,"230,233,223,226,232,227,228,222,229,225,224","263,264,261,262,62,266,265,61,60"
44,104,4.510330482660399,0.001643699325171871,Ha89,From Fr95 Table III.A.      Error estimated,mu-Xray,"230,233,223,226,232,227,228,222,229,225,224","263,264,261,262,62,266,265,61,60"
45,103,4.494463595980173,0.0023216612261756867,Ha89,From Fr95 Table III.A.      Error estimated,mu-Xray,"230,233,232,222,228","61,60,62"
46,102,4.483892520120361,0.001986345035260259,Ha89,From Fr95 Table III.A.      Error estimated,mu-Xray,"230,233,235,247,237,232,231,243,239,246,234,228,222,240,241,236,238","271,267,270,268,63,62,64,269,61,60"
46,104,4.50888108324277,0.0017521794379583716,La86,From Vr87,el-scatt.,"230,233,235,247,237,232,231,243,239,246,234,228,222,240,241,236,238","271,267,270,268,63,62,64,269,61,60"
46,105,4.516205231952659,0.0020807636867190677,Ha89,From Fr95 Table III.A.      Error estimated,mu-Xray,"230,233,235,247,237,232,231,243,239,246,234,228,222,240,241,236,238","271,267,270,268,63,62,64,269,61,60"
46,106,4.532688048455998,0.0018443449588726576,La86,From Vr87,el-scatt.,"230,233,235,247,237,232,231,243,239,246,234,228,222,240,241,236,238","271,267,270,268,63,62,64,269,61,60"
46,108,4.556691360031521,0.0018862388555044912,La86,From Vr87,el-scatt.,"230,233,235,247,237,232,231,243,239,246,234,228,222,240,241,236,238","271,267,270,268,63,62,64,269,61,60"
46,110,4.578279070479419,0.0021528514456937774,Li76,,el-scatt.,"230,233,235,247,237,232,231,243,239,246,234,228,222,240,241,236,238","271,267,270,268,63,62,64,269,61,60"
47,107,4.543907786101613,0.002464900836617268,Ha89,From Fr95 Table III.A.      Error estimated,mu-Xray,"242,247,237,243,246,238","64,63,272"
47,109,4.565152800988784,0.002424716111469982,Ha89,From Fr95 Table III.A.      Error estimated,mu-Xray,"242,247,237,243,246,238","64,63,272"
48,106,4.534801421868401,0.00182601903493047,Fr87,From Fr95 Table III.A.      Error estimated,mu-Xray,"244,247,249,237,253,255,248,243,250,257,246,251,256,254,245,252,258,238","276,278,163,273,275,63,279,164,166,277,64,165,274"
48,108,4.554600303502969,0.001653240663385316,Fr87,From Fr95 Table III.A.      Error estimated,mu-Xray,"244,247,249,237,253,255,248,243,250,257,246,251,256,254,245,252,258,238","276,278,163,273,275,63,279,164,166,277,64,165,274"
48,110,4.574571139167975,0.0015364565164638993,Gi75,,el-scatt.,"244,247,249,237,253,255,248,243,250,257,246,251,256,254,245,252,258,238","276,278,163,273,275,63,279,164,166,277,64,165,274"
48,111,4.579551404886489,0.0016930639991472119,Fr87,From Fr95 Table III.A.      Error estimated,mu-Xray,"244,247,249,237,253,255,248,243,250,257,246,251,256,254,245,252,258,238","276,278,163,273,275,63,279,164,166,277,64,165,274"
48,112,4.594042151190636,0.001574735639528253,Gi75,,el-scatt.,"244,247,249,237,253,255,248,243,250,257,246,251,256,254,245,252,258,238","276,278,163,273,275,63,279,164,166,277,64,165,274"
48,113,4.598829869231635,0.0016980006812542532,Fr87,From Fr95 Table III.A.      Error estimated,mu-Xray,"244,247,249,237,253,255,248,243,250,257,246,251,256,254,245,252,258,238","276,278,163,273,275,63,279,164,166,277,64,165,274"
48,114,4.611742560394953,0.0016615670113337782,Gi75,,el-scatt.,"244,247,249,237,253,255,248,243,250,257,246,251,256,254,245,252,258,238","276,278,163,273,275,63,279,164,166,277,64,165,274"
48,116,4.626703487909586,0.0017876675559932492,Gi75,,el-scatt.,"244,247,249,237,253,255,248,243,250,257,246,251,256,254,245,252,258,238","276,278,163,273,275,63,279,164,166,277,64,165,274"
49,113,4.599496952475139,0.003971563646580607,Ja89,From Fr95 Table III.A.      Error estimated,mu-Xray,"260,261,259,262",280
49,115,4.615979924439009,0.003999832738221552,Ja76,From Vr87,el-scatt.,"260,261,259,262",280
50,110,4.5807,0.006399999999903237,Fr97,,,263,
50,111,4.5859,0.006099999999963103,Fr97,,,264,
50,112,4.590473260851335,0.0014966277323029665,Fi72,,el-scatt.,"276,278,284,271,273,281,275,268,287,272,279,277,266,290,282,265,269,274","283,170,167,284,289,288,291,281,67,292,290,285,287,68,282,286,168,169"
50,113,4.6038,0.004700000000060042,Fr97,,,267,
50,114,4.606761000547359,0.001311278696208587,Fi72,,el-scatt.,"276,278,284,271,273,281,275,268,287,272,279,277,266,290,282,265,269,274","283,170,167,284,289,288,291,281,67,292,290,285,287,68,282,286,168,169"
50,115,4.6167,0.003800000000044613,Fr97,,,270,
50,116,4.623106863889913,0.001139588653494302,Pi90,,,"276,278,284,271,273,281,275,268,287,272,279,277,266,290,282,265,269,274","283,170,167,284,289,288,291,281,67,292,290,285,287,68,282,286,168,169"
50,117,4.6279493175574595,0.0012741167721311984,Fi72,,el-scatt.,"276,278,284,271,273,281,275,268,287,272,279,277,266,290,282,265,269,274","283,170,167,284,289,288,291,281,67,292,290,285,287,68,282,286,168,169"
50,118,4.638701388329626,0.0011777468463908397,Fi72,,el-scatt.,"276,278,284,271,273,281,275,268,287,272,279,277,266,290,282,265,269,274","283,170,167,284,289,288,291,281,67,292,290,285,287,68,282,286,168,169"
50,119,4.642090209174901,0.0013105947716570425,Fi72,,el-scatt.,"276,278,284,271,273,281,275,268,287,272,279,277,266,290,282,265,269,274","283,170,167,284,289,288,291,281,67,292,290,285,287,68,282,286,168,169"
50,120,4.652542495213805,0.0011259603063106857,Fi72,,el-scatt.,"276,278,284,271,273,281,275,268,287,272,279,277,266,290,282,265,269,274","283,170,167,284,289,288,291,281,67,292,290,285,287,68,282,286,168,169"
50,121,4.6589,0.001299999999991897,Fr97,,,280,
50,122,4.665032705134955,0.0010782701656420067,Fi72,,el-scatt.,"276,278,284,271,273,281,275,268,287,272,279,277,266,290,282,265,269,274","283,170,167,284,289,288,291,281,67,292,290,285,287,68,282,286,168,169"
50,123,4.6684,0.002000000000004687,Fr97,,,283,
50,124,4.675688103424734,0.0008868511268895045,Ma92,,,"276,278,284,271,273,281,275,268,287,272,279,277,266,290,282,265,269,274","283,170,167,284,289,288,291,281,67,292,290,285,287,68,282,286,168,169"
50,125,4.6779,0.0027000000000293924,Fr97,,,285,
51,121,4.679894236131349,0.0025324698723459107,Kl88,From Fr95 Table III.A.      Error estimated,mu-Xray,"281,287,290,282,286","68,67,293"
51,123,4.688062466931296,0.0024746822587853046,Kl88,From Fr95 Table III.A.      Error estimated,mu-Xray,"281,287,290,282,286","68,67,293"
52,122,4.70932479848583,0.0018646245815232357,Sh89,From Fr95 Table III.A.      Error estimated,mu-Xray,"295,289,288,281,291,287,290,300,292,293,282,297,296,294","70,297,299,69,67,68,294,298,296,295"
52,123,4.711913530236763,0.002212162941738572,Sh89,From Fr95 Table III.A.      Error estimated,mu-Xray,"295,289,288,281,291,287,290,300,292,293,282,297,296,294","70,297,299,69,67,68,294,298,296,295"
52,124,4.718791301743919,0.001449913395024408,Sh89,From Fr95 Table III.A.      Error estimated,mu-Xray,"295,289,288,281,291,287,290,300,292,293,282,297,296,294","70,297,299,69,67,68,294,298,296,295"
52,125,4.720520637177073,0.0015671583579311306,Sh89,From Fr95 Table III.A.      Error estimated,mu-Xray,"295,289,288,281,291,287,290,300,292,293,282,297,296,294","70,297,299,69,67,68,294,298,296,295"
52,126,4.727073167772598,0.0014482873056901107,Ka71,MIA in  En74 T.III.      Syst+Nuclpol = .001  ,mu-Xray,"295,289,288,281,291,287,290,300,292,293,282,297,296,294","70,297,299,69,67,68,294,298,296,295"
52,128,4.734958427991364,0.001538817210764154,Sh89,From Fr95 Table III.A.      Error estimated,mu-Xray,"295,289,288,281,291,287,290,300,292,293,282,297,296,294","70,297,299,69,67,68,294,298,296,295"
52,130,4.742373940967626,0.0016481814541758782,Sh89,From Fr95 Table III.A.      Error estimated,mu-Xray,"295,289,288,281,291,287,290,300,292,293,282,297,296,294","70,297,299,69,67,68,294,298,296,295"
53,127,4.7499852802861255,0.0025621561279694036,Ka71,MIA in  En74 T.III.    Syst+Nuclpol = .001  ,mu-Xray,"300,292,293,297,296","70,69"
54,124,4.7619852438511705,0.0017015984773867717,He84,From Fr95 Table III.A.      Error estimated,mu-Xray,"307,297,299,305,302,300,292,308,304,293,303,298,306,296,301","70,305,307,71,69,302,300,304,303,306,301,72"
54,126,4.7701908620348155,0.0015709352296488094,He84,From Fr95 Table III.A.      Error estimated,mu-Xray,"307,297,299,305,302,300,292,308,304,293,303,298,306,296,301","70,305,307,71,69,302,300,304,303,306,301,72"
54,128,4.775509528895141,0.001459201344294247,He84,From Fr95 Table III.A.      Error estimated,mu-Xray,"307,297,299,305,302,300,292,308,304,293,303,298,306,296,301","70,305,307,71,69,302,300,304,303,306,301,72"
54,129,4.7762823339678455,0.0016326136610737845,He84,From Fr95 Table III.A.      Error estimated,mu-Xray,"307,297,299,305,302,300,292,308,304,293,303,298,306,296,301","70,305,307,71,69,302,300,304,303,306,301,72"
54,130,4.783279810971779,0.0014605083808941037,He84,From Fr95 Table III.A.      Error estimated,mu-Xray,"307,297,299,305,302,300,292,308,304,293,303,298,306,296,301","70,305,307,71,69,302,300,304,303,306,301,72"
54,131,4.78123530977287,0.0017300247400460678,He84,From Fr95 Table III.A.      Error estimated,mu-Xray,"307,297,299,305,302,300,292,308,304,293,303,298,306,296,301","70,305,307,71,69,302,300,304,303,306,301,72"
54,132,4.786701433273102,0.0015144014320085757,He84,From Fr95 Table III.A.      Error estimated,mu-Xray,"307,297,299,305,302,300,292,308,304,293,303,298,306,296,301","70,305,307,71,69,302,300,304,303,306,301,72"
54,134,4.79230883294748,0.0015982487708975405,He84,From Fr95 Table III.A.      Error estimated,mu-Xray,"307,297,299,305,302,300,292,308,304,293,303,298,306,296,301","70,305,307,71,69,302,300,304,303,306,301,72"
54,136,4.799641882169216,0.0017029038081146635,He84,From Fr95 Table III.A.      Error estimated,mu-Xray,"307,297,299,305,302,300,292,308,304,293,303,298,306,296,301","70,305,307,71,69,302,300,304,303,306,301,72"
55,133,4.804103352928045,0.002898337524730512,Kl88,From Fr95 Table III.A.      Error estimated,mu-Xray,"308,307,304","71,72"
56,134,4.83076963196459,0.0017148604285729867,Fr95,"Includes  Sh82, Ku83",mu-Xray,"316,309,307,315,314,304,308,310,313,321,312,317,335,311,320","73,77,309,75,71,74,314,308,310,313,312,76,311,72"
56,135,4.828761523343291,0.0017810608947567666,Sh82,From Fr95 Table III.A.      Error estimated,mu-Xray,"316,309,307,315,314,304,308,310,313,321,312,317,335,311,320","73,77,309,75,71,74,314,308,310,313,312,76,311,72"
56,136,4.8330209640205695,0.0017107130129782972,Fr95,"Includes  Sh82, Ku83",mu-Xray,"316,309,307,315,314,304,308,310,313,321,312,317,335,311,320","73,77,309,75,71,74,314,308,310,313,312,76,311,72"
56,137,4.831916429993892,0.0017661021551937288,Sh82,From Fr95 Table III.A.      Error estimated,mu-Xray,"316,309,307,315,314,304,308,310,313,321,312,317,335,311,320","73,77,309,75,71,74,314,308,310,313,312,76,311,72"
56,138,4.838687736995775,0.001673154785909244,Ma72,MIA in  En74 T.III.      Syst+Nuclpol = .001  ,mu-Xray,"316,309,307,315,314,304,308,310,313,321,312,317,335,311,320","73,77,309,75,71,74,314,308,310,313,312,76,311,72"
57,139,4.855208450465615,0.0023134127947976087,Re87,From Fr95 Table III.A.      Error estimated,mu-Xray,"316,315,314,313,321,312,317,335,320","73,77,75,74,76"
58,140,4.877079229485113,0.0014661530878832467,Je70,,mu-Xray,"316,315,314,313,321,312,317,318,319,335,320","73,77,75,74,315,76"
58,142,4.906883849252634,0.0015357364816119335,Ma72,MIA in  En74 T.III.      Syst+Nuclpol = .001  ,mu-Xray,"316,315,314,313,321,312,317,318,319,335,320","73,77,75,74,315,76"
59,141,4.89198514466477,0.0021402325270352763,Re87,From Fr95 Table III.A.      Error estimated,mu-Xray,"316,315,314,313,321,312,317,335,320","73,77,75,74,76"
60,142,4.91371657520449,0.0013409001198934896,Re87,From Fr95 Table III.A.      Error estimated,mu-Xray,"316,324,314,313,333,327,320,334,330,331,325,312,326,322,329,315,323,317,332,328,321,335","73,316,77,75,74,173,171,172,321,317,318,76,319,320"
60,143,4.924569279867938,0.0015472940844332105,Re87,From Fr95 Table III.A.      Error estimated,mu-Xray,"316,324,314,313,333,327,320,334,330,331,325,312,326,322,329,315,323,317,332,328,321,335","73,316,77,75,74,173,171,172,321,317,318,76,319,320"
60,144,4.941481099395586,0.0013269642419790424,Ma70,MIA in  En74 T.III.      Syst+Nuclpol = .001  ,mu-Xray,"316,324,314,313,333,327,320,334,330,331,325,312,326,322,329,315,323,317,332,328,321,335","73,316,77,75,74,173,171,172,321,317,318,76,319,320"
60,145,4.953506111136249,0.0015744099541247292,Re87,From Fr95 Table III.A.      Error estimated,mu-Xray,"316,324,314,313,333,327,320,334,330,331,325,312,326,322,329,315,323,317,332,328,321,335","73,316,77,75,74,173,171,172,321,317,318,76,319,320"
60,146,4.968784218035889,0.0013593325137119504,Ma74,,el-scatt.,"316,324,314,313,333,327,320,334,330,331,325,312,326,322,329,315,323,317,332,328,321,335","73,316,77,75,74,173,171,172,321,317,318,76,319,320"
60,148,4.998818518871853,0.001425289657312406,Ma70,MIA in  En74 T.III.      Syst+Nuclpol = .001  ,mu-Xray,"316,324,314,313,333,327,320,334,330,331,325,312,326,322,329,315,323,317,332,328,321,335","73,316,77,75,74,173,171,172,321,317,318,76,319,320"
60,150,5.0396960616369935,0.002072726786827606,Ma74,,el-scatt.,"316,324,314,313,333,327,320,334,330,331,325,312,326,322,329,315,323,317,332,328,321,335","73,316,77,75,74,173,171,172,321,317,318,76,319,320"
62,144,4.949903026270958,0.0030417022191374862,Fr95,,,"316,337,344,315,314,313,341,321,312,317,340,343,336,335,339,338,320","73,77,174,78,322,324,75,177,325,323,79,74,175,76,327,176,326,328"
62,147,4.9864829020293575,0.003041739804052209,Fr95,,,"316,337,344,315,314,313,341,321,312,317,340,343,336,335,339,338,320","73,77,174,78,322,324,75,177,325,323,79,74,175,76,327,176,326,328"
62,148,5.002141114766769,0.0029487039665977216,Fr95,,,"316,337,344,315,314,313,341,321,312,317,340,343,336,335,339,338,320","73,77,174,78,322,324,75,177,325,323,79,74,175,76,327,176,326,328"
62,149,5.012142148493819,0.0030399272687671067,Fr95,,,"316,337,344,315,314,313,341,321,312,317,340,343,336,335,339,338,320","73,77,174,78,322,324,75,177,325,323,79,74,175,76,327,176,326,328"
62,150,5.039794198609874,0.0028357766525232875,Fr95,,,"316,337,344,315,314,313,341,321,312,317,340,343,336,335,339,338,320","73,77,174,78,322,324,75,177,325,323,79,74,175,76,327,176,326,328"
62,152,5.082770287532056,0.0026252419275320116,Fr95,,,"316,337,344,315,314,313,341,321,312,317,340,343,336,335,339,338,320","73,77,174,78,322,324,75,177,325,323,79,74,175,76,327,176,326,328"
62,154,5.107722316863879,0.0031875777901359914,Fr95,,,"316,337,344,315,314,313,341,321,312,317,340,343,336,335,339,338,320","73,77,174,78,322,324,75,177,325,323,79,74,175,76,327,176,326,328"
63,151,5.05477482526283,0.006463276530381238,Fr95,,,"340,343,344,342","78,329,79"
63,153,5.1129252594994865,0.006219873688416199,Fr95,,,"340,343,344,342","78,329,79"
64,154,5.121348875458549,0.0023119069638230585,Fr95,,,"348,349,345,347,352,340,343,353,344,346","334,330,331,79,80,333,332,78"
64,155,5.133125112494685,0.002613940704420467,Fr95,,,"348,349,345,347,352,340,343,353,344,346","334,330,331,79,80,333,332,78"
64,156,5.143583302181068,0.0022206330043549527,Fr95,,,"348,349,345,347,352,340,343,353,344,346","334,330,331,79,80,333,332,78"
64,157,5.147208622526872,0.0024546429679863516,Fr95,,,"348,349,345,347,352,340,343,353,344,346","334,330,331,79,80,333,332,78"
64,158,5.159312882494187,0.0022865558408602096,Fr95,,,"348,349,345,347,352,340,343,353,344,346","334,330,331,79,80,333,332,78"
64,160,5.176004748952901,0.0024204651080883557,Fr95,,,"348,349,345,347,352,340,343,353,344,346","334,330,331,79,80,333,332,78"
65,159,5.06,0.15000000000187025,Wi67,,mu-Xray,350,
66,161,5.194476540744326,0.0028842817234460932,Be92,From Fr95 Table III.A.      Error estimated,mu-Xray,"349,356,354,351,352,355,353,359","81,337,80,336,335"
66,162,5.205619935211,0.0026885092969426093,Hi70,,mu-Xray,"349,356,354,351,352,355,353,359","81,337,80,336,335"
66,163,5.210278162491988,0.0028349129511327765,Be92,From Fr95 Table III.A.      Error estimated,mu-Xray,"349,356,354,351,352,355,353,359","81,337,80,336,335"
66,164,5.2207185816476755,0.002820254434378769,Hi70,,mu-Xray,"349,356,354,351,352,355,353,359","81,337,80,336,335"
67,165,5.202195121951286,0.031234752377434952,Uh71,,el-scatt.,"357,358",
68,166,5.251558338303151,0.0030207111859092833,Ma92,,,"363,356,360,364,361,355,362,359","340,339,81,338"
68,167,5.257467643799465,0.0031190049430419695,Ma92a,From Fr95 Table III.A.      Error estimated,mu-Xray,"363,356,360,364,361,355,362,359","340,339,81,338"
68,168,5.266273474495956,0.003034203385539452,Hi70,,mu-Xray,"363,356,360,364,361,355,362,359","340,339,81,338"
68,170,5.281996090621796,0.0031372542657690057,Hi70,,mu-Xray,"363,356,360,364,361,355,362,359","340,339,81,338"
69,169,5.2256,0.003499999999994319,De73,Model+Syst+Nuclpol = .001  ,mu-Xray,365,
70,170,5.286124404438782,0.003728766271250556,Ze73,From Fr95 Table III.A.      Error estimated,mu-Xray,"368,372,378,375,376,371,370,367,374,366,373,369","82,345,342,341,343,344"
70,171,5.292542359276594,0.003875200745327083,Ad73,From  En74.      Error: 2x.015 for model,mu-Xray,"368,372,378,375,376,371,370,367,374,366,373,369","82,345,342,341,343,344"
70,172,5.300254646558199,0.003645709261349351,Ad73,From  En74.      Error: 2x.022 for model,mu-Xray,"368,372,378,375,376,371,370,367,374,366,373,369","82,345,342,341,343,344"
70,173,5.305193162151544,0.0037196464312701074,Ze73,From Fr95 Table III.A.      Error estimated,mu-Xray,"368,372,378,375,376,371,370,367,374,366,373,369","82,345,342,341,343,344"
70,174,5.311895225971813,0.0036140705621012037,Sa79,From Vr87      ,el-scatt.,"368,372,378,375,376,371,370,367,374,366,373,369","82,345,342,341,343,344"
70,176,5.322510310297283,0.00379999531845197,Cr77,From Vr87      Includes  Co76,el-scatt.,"368,372,378,375,376,371,370,367,374,366,373,369","82,345,342,341,343,344"
71,175,5.37,0.030000000000668235,Sa79,From Vr87      ,el-scatt.,377,
72,176,5.3257439344889965,0.002461701728304684,Ta84c,From Fr95 Table III.C.      Error estimated,mu-Xray,"372,384,378,379,374,383,382,380,381,385,373","82,349,348,347,83,84,346"
72,177,5.328969431709818,0.0026535027623562544,Ta84c,From Fr95 Table III.C.      Error estimated,mu-Xray,"372,384,378,379,374,383,382,380,381,385,373","82,349,348,347,83,84,346"
72,178,5.33445549790978,0.0023260985077044496,Ta84c,From Fr95 Table III.C.      Error estimated,mu-Xray,"372,384,378,379,374,383,382,380,381,385,373","82,349,348,347,83,84,346"
72,179,5.338775635566956,0.0025635064916093558,Ta84c,From Fr95 Table III.C.      Error estimated,mu-Xray,"372,384,378,379,374,383,382,380,381,385,373","82,349,348,347,83,84,346"
72,180,5.343831330644942,0.0022997315294619983,Ta84c,From Fr95 Table III.C.      Error estimated,mu-Xray,"372,384,378,379,374,383,382,380,381,385,373","82,349,348,347,83,84,346"
73,181,5.350747957527294,0.003776758894027585,ML76,,mu-Xray,"385,382,384,383","84,83"
74,182,5.355166985289027,0.0015080017476675038,Ma92,,,"387,384,389,383,382,385,388,390","350,351,84,83"
74,183,5.33,0.1499999999978394,Wi67,,mu-Xray,386,
74,184,5.365467338151124,0.001479259407031506,Ma92,,,"387,384,389,383,382,385,388,390","350,351,84,83"
74,186,5.37513145030028,0.0018063403012614078,Ka73,,el-scatt.,"387,384,389,383,382,385,388,390","350,351,84,83"
76,186,5.38911809024267,0.0018343725404507487,Ho81,From Fr95 Table III.C.      Error estimated,mu-Xray,"392,395,394,391","352,353,354"
76,188,5.398807916781256,0.0011696720220757768,Bo88,,,"392,395,394,391","352,353,354"
76,189,5.36,0.14999999999824506,Wi67,,mu-Xray,393,
76,190,5.406068102081884,0.0011262549350277231,Bo88,,,"392,395,394,391","352,353,354"
76,192,5.413163931668701,0.0013509300510444176,Ma92,,,"392,395,394,391","352,353,354"
77,191,5.39,0.14999999999864622,Wi67,,mu-Xray,396,
77,193,5.41,0.15000000000137392,Wi67,,mu-Xray,397,
78,194,5.422648312033063,0.004399516040794052,Bo88,,el-scatt.,"400,405,404,398,401,402,399,406,403","356,357,355,87"
78,195,5.425429896235807,0.004427935690320796,Be90,From Fr95 Table III.A.      Error estimated,mu-Xray,"400,405,404,398,401,402,399,406,403","356,357,355,87"
78,196,5.43009912342603,0.004383744014813581,Bo83,From Vr87      ,el-scatt.,"400,405,404,398,401,402,399,406,403","356,357,355,87"
78,198,5.439372440716796,0.00438848553607013,Be90,From Fr95 Table III.A.      Error estimated,mu-Xray,"400,405,404,398,401,402,399,406,403","356,357,355,87"
79,197,5.430466573953001,0.01341439346826969,Po74,,mu-Xray,"405,401,402,406,403",87
80,198,5.443506452616004,0.0020408770600018914,Bu89,,,"407,410,411,409,408","360,358,361,362,359"
80,199,5.445409595947179,0.0021544135225425266,Gu83,From Fr95 Table III.A.      Error estimated,mu-Xray,"407,410,411,409,408","360,358,361,362,359"
80,200,5.4531486979529165,0.0019228947396443144,Bu89,From Fr95 Table III.A.      Error estimated,mu-Xray,"407,410,411,409,408","360,358,361,362,359"
80,202,5.462617153757258,0.0018421967496652625,Bu89,From Fr95 Table III.A.      Error estimated,mu-Xray,"407,410,411,409,408","360,358,361,362,359"
80,204,5.4734941613904855,0.001735707943942915,Ma92,,,"407,410,411,409,408","360,358,361,362,359"
81,203,5.465429232975007,0.002770069223695625,Eu78,,,"425,413,427,412,416,415,414","363,90,92"
81,205,5.475578125720914,0.002757504958730595,Eu78,,,"425,413,427,412,416,415,414","363,90,92"
82,196,5.442,0.0105000000001931,Fr95,,,417,
82,197,5.442,0.0105000000001931,Fr95,,,418,
82,198,5.45,0.008499999999968005,Fr95,,,419,
82,199,5.45,0.008499999999968005,Fr95,,,420,
82,200,5.459,0.007499999999831182,Fr95,,,421,
82,201,5.461,0.007499999999881326,Fr95,,,422,
82,202,5.469,0.005500000000059786,Fr95,,,423,
82,203,5.471,0.005500000000096422,Fr95,,,424,
82,204,5.479833558596839,0.0011424993296979533,Ma92,,,"429,425,428,413,427,437,439,438,430,412,416,415,414,436","178,371,364,368,180,367,92,365,375,370,366,369,179,372,93,376,374,90,373"
82,205,5.482,0.003500000000019165,Fr95,,,426,
82,206,5.490276900687859,0.0010822564235889055,Ma92,,,"429,425,428,413,427,437,439,438,430,412,416,415,414,436","178,371,364,368,180,367,92,365,375,370,366,369,179,372,93,376,374,90,373"
82,207,5.494618936416398,0.0010958944857048347,Ma92,,,"429,425,428,413,427,437,439,438,430,412,416,415,414,436","178,371,364,368,180,367,92,365,375,370,366,369,179,372,93,376,374,90,373"
82,208,5.501572336264144,0.0010661195688990931,Fr77b,,,"429,425,428,413,427,437,439,438,430,412,416,415,414,436","178,371,364,368,180,367,92,365,375,370,366,369,179,372,93,376,374,90,373"
82,209,5.511,0.0025000000000117268,Fr95,,,431,
82,210,5.523,0.0034999999999861748,Fr95,,,432,
82,211,5.533,0.005499999999894689,Fr95,,,433,
82,212,5.545,0.007500000000152629,Fr95,,,434,
82,214,5.565,0.010499999999895449,Fr95,,,435,
83,209,5.52101202230855,0.0038592306769993116,Si73b,,el-scatt.,"429,430,439,438,437,436",93
90,232,5.7848,0.01240000000001834,Cl78,"Error est.: 2x,0062 (stat), rms from Ko07",mu-Xray,440,
92,233,5.8158,0.013200000000092733,Zu84,"Error est.: 2x,0066 (stat)",mu-Xray,441,
92,234,5.8289,0.006199999999985747,Zu84,"Error est.: 2x,0031 (stat)",mu-Xray,442,
92,235,5.83282642164492,0.0053307220550817885,Cl78,"Error est.: 2x,0087 (stat), rms from Ko07",mu-Xray,"444,443",
92,238,5.858289228379431,0.0042158972634017185,Cr77,From Vr87      Error estimated.,el-scatt.,"446,445,447",
94,239,5.8601,0.03779999999980168,Cl78,"Error est.: 2x,0189 (stat), rms from Ko07",mu-Xray,448,
95,241,5.8929,0.003500000000052066,Jo85,Model+Syst+Nuclpol = .001  ,mu-Xray,449,
95,243,5.9047,0.003500000000053136,Jo85,Model+Syst+Nuclpol = .001  ,mu-Xray,450,
